Barcode,Filename,Total,NoRadTag,LowQuality,Retained,Pct_Retained,Pct_Total_Reads,Run,Removed,RunSeq
GTACCACGT,S_23_00982,12875480,63521,1370011,11441948,88.9%,1.4%,NS.LH00487_0017.001.B709---D503.Pradseq_23_001_detailed.log,1433532,NS.LH00487_0017.001
GCATACGGAG,S_23_00987,7318738,14053,638513,6666172,91.1%,0.8%,NS.LH00487_0017.001.B709---D503.Pradseq_23_001_detailed.log,652566,NS.LH00487_0017.001
TGTCAACCT,S_23_00997,11023008,75280,1107422,9840306,89.3%,1.2%,NS.LH00487_0017.001.B709---D503.Pradseq_23_001_detailed.log,1182702,NS.LH00487_0017.001
GCCAGGACAT,S_23_00998,7291200,46390,771149,6473661,88.8%,0.8%,NS.LH00487_0017.001.B709---D503.Pradseq_23_001_detailed.log,817539,NS.LH00487_0017.001
GCCTATCT,S_23_00999,9273558,63155,983571,8226832,88.7%,1.0%,NS.LH00487_0017.001.B709---D503.Pradseq_23_001_detailed.log,1046726,NS.LH00487_0017.001
AGGCAGAT,S_23_01003,18390548,69010,1820232,16501306,89.7%,2.0%,NS.LH00487_0017.001.B709---D503.Pradseq_23_001_detailed.log,1889242,NS.LH00487_0017.001
TCGATAGTAG,S_23_01005,9196764,69108,1073295,8054361,87.6%,1.0%,NS.LH00487_0017.001.B709---D503.Pradseq_23_001_detailed.log,1142403,NS.LH00487_0017.001
TGAAGCACTG,S_23_01049,1718536,10793,171120,1536623,89.4%,0.2%,NS.LH00487_0017.001.B709---D503.Pradseq_23_001_detailed.log,181913,NS.LH00487_0017.001
CTCTGAGT,S_23_01061,5220018,8814,448451,4762753,91.2%,0.6%,NS.LH00487_0017.001.B709---D503.Pradseq_23_001_detailed.log,457265,NS.LH00487_0017.001
TCTCTTG,S_23_01062,1244,423,115,706,56.8%,0.0%,NS.LH00487_0017.001.B709---D503.Pradseq_23_001_detailed.log,538,NS.LH00487_0017.001
CGTGAAG,S_23_01072,17640046,45676,1760471,15833899,89.8%,2.0%,NS.LH00487_0017.001.B709---D503.Pradseq_23_001_detailed.log,1806147,NS.LH00487_0017.001
TCGGTTGT,S_23_01077,6777530,26887,646961,6103682,90.1%,0.8%,NS.LH00487_0017.001.B709---D503.Pradseq_23_001_detailed.log,673848,NS.LH00487_0017.001
TACGGTG,S_23_01110,1266350,9836,121189,1135325,89.7%,0.1%,NS.LH00487_0017.001.B709---D503.Pradseq_23_001_detailed.log,131025,NS.LH00487_0017.001
AGTCGGCTGT,S_23_01116,12227788,16149,1153403,11058236,90.4%,1.4%,NS.LH00487_0017.001.B709---D503.Pradseq_23_001_detailed.log,1169552,NS.LH00487_0017.001
ATAGACAGAG,S_23_01121,849696,2274,73099,774323,91.1%,0.1%,NS.LH00487_0017.001.B709---D503.Pradseq_23_001_detailed.log,75373,NS.LH00487_0017.001
GAATCTGTCT,S_23_01146,18428398,74082,1980216,16374100,88.9%,2.0%,NS.LH00487_0017.001.B709---D503.Pradseq_23_001_detailed.log,2054298,NS.LH00487_0017.001
GAAGGCTACG,S_23_01154,8007316,44207,868903,7094206,88.6%,0.9%,NS.LH00487_0017.001.B709---D503.Pradseq_23_001_detailed.log,913110,NS.LH00487_0017.001
TCCAAGGT,S_23_01156,11613542,92290,1367506,10153746,87.4%,1.3%,NS.LH00487_0017.001.B709---D503.Pradseq_23_001_detailed.log,1459796,NS.LH00487_0017.001
CCATTCAGT,S_23_01163,9100654,35349,973542,8091763,88.9%,1.0%,NS.LH00487_0017.001.B709---D503.Pradseq_23_001_detailed.log,1008891,NS.LH00487_0017.001
CATCACGT,S_23_01166,5987060,33861,697866,5255333,87.8%,0.6%,NS.LH00487_0017.001.B709---D503.Pradseq_23_001_detailed.log,731727,NS.LH00487_0017.001
ATCTGTCAGG,S_23_01196_rep,16618476,57410,1900542,14660524,88.2%,1.8%,NS.LH00487_0017.001.B709---D503.Pradseq_23_001_detailed.log,1957952,NS.LH00487_0017.001
ATATGCGGT,S_23_01204,11182674,51273,1283830,9847571,88.1%,1.2%,NS.LH00487_0017.001.B709---D503.Pradseq_23_001_detailed.log,1335103,NS.LH00487_0017.001
TGTCGAT,S_23_01205,9025944,30892,950812,8044240,89.1%,1.0%,NS.LH00487_0017.001.B709---D503.Pradseq_23_001_detailed.log,981704,NS.LH00487_0017.001
AGAATGG,S_23_01213,7686572,26714,791675,6868183,89.4%,0.8%,NS.LH00487_0017.001.B709---D503.Pradseq_23_001_detailed.log,818389,NS.LH00487_0017.001
ATCTTACGAG,S_23_01215,11938048,64607,1413026,10460415,87.6%,1.3%,NS.LH00487_0017.001.B709---D503.Pradseq_23_001_detailed.log,1477633,NS.LH00487_0017.001
GTGAGAAG,S_23_01220,5988906,29310,645570,5314026,88.7%,0.7%,NS.LH00487_0017.001.B709---D503.Pradseq_23_001_detailed.log,674880,NS.LH00487_0017.001
TGGATAACG,S_23_01221,13891472,52095,1671269,12168108,87.6%,1.5%,NS.LH00487_0017.001.B709---D503.Pradseq_23_001_detailed.log,1723364,NS.LH00487_0017.001
GTGCAT,S_23_01224,10736886,28308,1001928,9706650,90.4%,1.2%,NS.LH00487_0017.001.B709---D503.Pradseq_23_001_detailed.log,1030236,NS.LH00487_0017.001
TTCATATCGG,S_23_01228,9060706,23020,896982,8140704,89.8%,1.0%,NS.LH00487_0017.001.B709---D503.Pradseq_23_001_detailed.log,920002,NS.LH00487_0017.001
TCAGTACG,S_23_01244,20966732,64420,2208169,18694143,89.2%,2.3%,NS.LH00487_0017.001.B709---D503.Pradseq_23_001_detailed.log,2272589,NS.LH00487_0017.001
GACAGTAGTG,S_23_01255,7621668,24135,813348,6784185,89.0%,0.8%,NS.LH00487_0017.001.B709---D503.Pradseq_23_001_detailed.log,837483,NS.LH00487_0017.001
GAACATG,S_23_01257,7158362,28426,675979,6453957,90.2%,0.8%,NS.LH00487_0017.001.B709---D503.Pradseq_23_001_detailed.log,704405,NS.LH00487_0017.001
GTCCACT,S_23_01261,15957034,46203,1544427,14366404,90.0%,1.8%,NS.LH00487_0017.001.B709---D503.Pradseq_23_001_detailed.log,1590630,NS.LH00487_0017.001
GTAGGT,S_23_01264,6709666,45662,649780,6014224,89.6%,0.7%,NS.LH00487_0017.001.B709---D503.Pradseq_23_001_detailed.log,695442,NS.LH00487_0017.001
GTCTTAG,S_23_01269,7695216,24031,778841,6892344,89.6%,0.9%,NS.LH00487_0017.001.B709---D503.Pradseq_23_001_detailed.log,802872,NS.LH00487_0017.001
TGCATG,S_23_01273,8458630,32869,779267,7646494,90.4%,0.9%,NS.LH00487_0017.001.B709---D503.Pradseq_23_001_detailed.log,812136,NS.LH00487_0017.001
GTAAGCGTG,S_23_01788,822306,10638,87897,723771,88.0%,0.1%,NS.LH00487_0017.001.B709---D503.Pradseq_23_001_detailed.log,98535,NS.LH00487_0017.001
AGTTAGG,S_23_01792,6456996,37913,662649,5756434,89.2%,0.7%,NS.LH00487_0017.001.B709---D503.Pradseq_23_001_detailed.log,700562,NS.LH00487_0017.001
ACTATCCG,S_23_01803,6380154,33278,705467,5641409,88.4%,0.7%,NS.LH00487_0017.001.B709---D503.Pradseq_23_001_detailed.log,738745,NS.LH00487_0017.001
CACGCTTAG,S_23_01806,6810094,17408,733664,6059022,89.0%,0.7%,NS.LH00487_0017.001.B709---D503.Pradseq_23_001_detailed.log,751072,NS.LH00487_0017.001
TCTTGG,S_23_01812,4123036,15988,408984,3698064,89.7%,0.5%,NS.LH00487_0017.001.B709---D503.Pradseq_23_001_detailed.log,424972,NS.LH00487_0017.001
AGAAGCCAT,S_23_01814,4964638,15556,582432,4366650,88.0%,0.5%,NS.LH00487_0017.001.B709---D503.Pradseq_23_001_detailed.log,597988,NS.LH00487_0017.001
CCGTTAG,S_23_01820,4420904,18515,399581,4002808,90.5%,0.5%,NS.LH00487_0017.001.B709---D503.Pradseq_23_001_detailed.log,418096,NS.LH00487_0017.001
ACGAGT,S_23_01842,6475420,20381,614449,5840590,90.2%,0.7%,NS.LH00487_0017.001.B709---D503.Pradseq_23_001_detailed.log,634830,NS.LH00487_0017.001
CTCCAACTG,S_23_01845,4018856,8780,414907,3595169,89.5%,0.4%,NS.LH00487_0017.001.B709---D503.Pradseq_23_001_detailed.log,423687,NS.LH00487_0017.001
CGAGGATGT,S_23_01856,2640680,9765,254184,2376731,90.0%,0.3%,NS.LH00487_0017.001.B709---D503.Pradseq_23_001_detailed.log,263949,NS.LH00487_0017.001
ACGTACTG,S_23_01863,5100684,15898,529313,4555473,89.3%,0.6%,NS.LH00487_0017.001.B709---D503.Pradseq_23_001_detailed.log,545211,NS.LH00487_0017.001
GCATTCCT,S_23_01867,5063130,12495,564817,4485818,88.6%,0.6%,NS.LH00487_0017.001.B709---D503.Pradseq_23_001_detailed.log,577312,NS.LH00487_0017.001
CGTCTACT,S_23_01869,8205198,16089,863487,7325622,89.3%,0.9%,NS.LH00487_0017.001.B709---D503.Pradseq_23_001_detailed.log,879576,NS.LH00487_0017.001
GCAAGT,S_23_01877,10021500,46327,932451,9042722,90.2%,1.1%,NS.LH00487_0017.001.B709---D503.Pradseq_23_001_detailed.log,978778,NS.LH00487_0017.001
CTGTACCT,S_23_01896,5968550,31932,689415,5247203,87.9%,0.6%,NS.LH00487_0017.001.B709---D503.Pradseq_23_001_detailed.log,721347,NS.LH00487_0017.001
ATTGGTACAG,S_23_01907,8667134,49721,1048654,7568759,87.3%,0.9%,NS.LH00487_0017.001.B709---D503.Pradseq_23_001_detailed.log,1098375,NS.LH00487_0017.001
CCTTGAGCTG,S_23_01909,3507714,18520,466311,3022883,86.2%,0.4%,NS.LH00487_0017.001.B709---D503.Pradseq_23_001_detailed.log,484831,NS.LH00487_0017.001
CTGGTCACGT,S_23_01916,12547788,57287,1478267,11012234,87.8%,1.4%,NS.LH00487_0017.001.B709---D503.Pradseq_23_001_detailed.log,1535554,NS.LH00487_0017.001
TTCCTGGT,S_23_01922,17507950,40455,2075669,15391826,87.9%,1.9%,NS.LH00487_0017.001.B709---D503.Pradseq_23_001_detailed.log,2116124,NS.LH00487_0017.001
CCGAATG,S_23_01925,10851444,51150,1342168,9458126,87.2%,1.2%,NS.LH00487_0017.001.B709---D503.Pradseq_23_001_detailed.log,1393318,NS.LH00487_0017.001
GGAGAGACT,S_23_02005,12860594,86754,1564968,11208872,87.2%,1.4%,NS.LH00487_0017.001.B709---D503.Pradseq_23_001_detailed.log,1651722,NS.LH00487_0017.001
CTATCACCG,S_23_02010,4903006,30552,558333,4314121,88.0%,0.5%,NS.LH00487_0017.001.B709---D503.Pradseq_23_001_detailed.log,588885,NS.LH00487_0017.001
CTCAGCGTAG,S_23_02041,1908588,13953,243201,1651434,86.5%,0.2%,NS.LH00487_0017.001.B709---D503.Pradseq_23_001_detailed.log,257154,NS.LH00487_0017.001
GGTTAGCT,S_23_02042,7038514,16829,680379,6341306,90.1%,0.8%,NS.LH00487_0017.001.B709---D503.Pradseq_23_001_detailed.log,697208,NS.LH00487_0017.001
CTCTTATACG,S_23_02044,861504,6289,79196,776019,90.1%,0.1%,NS.LH00487_0017.001.B709---D503.Pradseq_23_001_detailed.log,85485,NS.LH00487_0017.001
GACACT,S_23_02048,8119130,46950,788539,7283641,89.7%,0.9%,NS.LH00487_0017.001.B709---D503.Pradseq_23_001_detailed.log,835489,NS.LH00487_0017.001
GGTAGT,S_23_02059,14902840,52421,1467538,13382881,89.8%,1.7%,NS.LH00487_0017.001.B709---D503.Pradseq_23_001_detailed.log,1519959,NS.LH00487_0017.001
TCCATAAGG,S_23_02064,2991638,17342,274696,2699600,90.2%,0.3%,NS.LH00487_0017.001.B709---D503.Pradseq_23_001_detailed.log,292038,NS.LH00487_0017.001
GAGATG,S_23_02066,1028042,6317,90902,930823,90.5%,0.1%,NS.LH00487_0017.001.B709---D503.Pradseq_23_001_detailed.log,97219,NS.LH00487_0017.001
CCATCCATG,S_23_02077,4657548,32460,574025,4051063,87.0%,0.5%,NS.LH00487_0017.001.B709---D503.Pradseq_23_001_detailed.log,606485,NS.LH00487_0017.001
ACACCGT,S_23_02088,16764146,68907,2157032,14538207,86.7%,1.8%,NS.LH00487_0017.001.B709---D503.Pradseq_23_001_detailed.log,2225939,NS.LH00487_0017.001
CCACAGCCAT,S_23_02122,19870236,86205,2281689,17502342,88.1%,2.2%,NS.LH00487_0017.001.B709---D503.Pradseq_23_001_detailed.log,2367894,NS.LH00487_0017.001
GTACCATGG,S_23_02129,12400450,67784,1311430,11021236,88.9%,1.4%,NS.LH00487_0017.001.B709---D503.Pradseq_23_001_detailed.log,1379214,NS.LH00487_0017.001
TTCCAG,S_23_02133,9115772,98110,1090925,7926737,87.0%,1.0%,NS.LH00487_0017.001.B709---D503.Pradseq_23_001_detailed.log,1189035,NS.LH00487_0017.001
GGACATACG,S_23_02136,12427506,36552,1309865,11081089,89.2%,1.4%,NS.LH00487_0017.001.B709---D503.Pradseq_23_001_detailed.log,1346417,NS.LH00487_0017.001
TTAGGTCAG,S_23_02137,11150338,33162,1210724,9906452,88.8%,1.2%,NS.LH00487_0017.001.B709---D503.Pradseq_23_001_detailed.log,1243886,NS.LH00487_0017.001
AGACTCT,S_23_02140,19673480,49155,1939081,17685244,89.9%,2.2%,NS.LH00487_0017.001.B709---D503.Pradseq_23_001_detailed.log,1988236,NS.LH00487_0017.001
CTGTTG,S_23_02148,9297658,33441,927109,8337108,89.7%,1.0%,NS.LH00487_0017.001.B709---D503.Pradseq_23_001_detailed.log,960550,NS.LH00487_0017.001
TCCGTACTG,S_23_02152,10853362,35010,1195814,9622538,88.7%,1.2%,NS.LH00487_0017.001.B709---D503.Pradseq_23_001_detailed.log,1230824,NS.LH00487_0017.001
TATTCCGAGT,S_23_02153,10822942,26730,1043074,9753138,90.1%,1.2%,NS.LH00487_0017.001.B709---D503.Pradseq_23_001_detailed.log,1069804,NS.LH00487_0017.001
ACCTTG,S_23_02154,16499954,109096,1917489,14473369,87.7%,1.8%,NS.LH00487_0017.001.B709---D503.Pradseq_23_001_detailed.log,2026585,NS.LH00487_0017.001
GGCTAT,S_23_02163,7098660,67370,802007,6229283,87.8%,0.8%,NS.LH00487_0017.001.B709---D503.Pradseq_23_001_detailed.log,869377,NS.LH00487_0017.001
CGTGGACAAT,S_23_02164,3056966,18261,396132,2642573,86.4%,0.3%,NS.LH00487_0017.001.B709---D503.Pradseq_23_001_detailed.log,414393,NS.LH00487_0017.001
TGCACAG,S_23_02165,8415364,49260,964515,7401589,88.0%,0.9%,NS.LH00487_0017.001.B709---D503.Pradseq_23_001_detailed.log,1013775,NS.LH00487_0017.001
ACCGAT,S_23_02177,9176866,36069,878259,8262538,90.0%,1.0%,NS.LH00487_0017.001.B709---D503.Pradseq_23_001_detailed.log,914328,NS.LH00487_0017.001
AACCACGCT,S_23_02185,4816010,41715,658230,4116065,85.5%,0.5%,NS.LH00487_0017.001.B709---D503.Pradseq_23_001_detailed.log,699945,NS.LH00487_0017.001
GATGGAT,S_23_02187,6349934,56917,746278,5546739,87.4%,0.7%,NS.LH00487_0017.001.B709---D503.Pradseq_23_001_detailed.log,803195,NS.LH00487_0017.001
CTATATGAGG,S_23_02189,6084954,73534,933556,5077864,83.4%,0.6%,NS.LH00487_0017.001.B709---D503.Pradseq_23_001_detailed.log,1007090,NS.LH00487_0017.001
AATCGAGG,S_23_02212,8129472,47303,929582,7152587,88.0%,0.9%,NS.LH00487_0017.001.B709---D503.Pradseq_23_001_detailed.log,976885,NS.LH00487_0017.001
CACGAGCTTG,S_23_02241,8522734,32421,983432,7506881,88.1%,0.9%,NS.LH00487_0017.001.B709---D503.Pradseq_23_001_detailed.log,1015853,NS.LH00487_0017.001
ATCAGT,S_23_02246,12275170,185183,1364732,10725255,87.4%,1.3%,NS.LH00487_0017.001.B709---D503.Pradseq_23_001_detailed.log,1549915,NS.LH00487_0017.001
TGGAAG,S_23_02248,5014086,67468,763766,4182852,83.4%,0.5%,NS.LH00487_0017.001.B709---D503.Pradseq_23_001_detailed.log,831234,NS.LH00487_0017.001
GGTCAT,S_23_02249,9445050,75245,999575,8370230,88.6%,1.0%,NS.LH00487_0017.001.B709---D503.Pradseq_23_001_detailed.log,1074820,NS.LH00487_0017.001
AGTTGAACAG,S_23_02253,4141978,23152,540577,3578249,86.4%,0.4%,NS.LH00487_0017.001.B709---D503.Pradseq_23_001_detailed.log,563729,NS.LH00487_0017.001
TTGACGG,S_23_02261,658578,5301,55016,598261,90.8%,0.1%,NS.LH00487_0017.001.B709---D503.Pradseq_23_001_detailed.log,60317,NS.LH00487_0017.001
GTCGTCAGTG,S_23_02264,8339276,41466,1006555,7291255,87.4%,0.9%,NS.LH00487_0017.001.B709---D503.Pradseq_23_001_detailed.log,1048021,NS.LH00487_0017.001
ATCCGTATCG,S_23_02269,8556384,59437,1186972,7309975,85.4%,0.9%,NS.LH00487_0017.001.B709---D503.Pradseq_23_001_detailed.log,1246409,NS.LH00487_0017.001
TACCGTCAT,S_23_02271,8766670,54089,907989,7804592,89.0%,1.0%,NS.LH00487_0017.001.B709---D503.Pradseq_23_001_detailed.log,962078,NS.LH00487_0017.001
TGAGGCT,S_23_00979,5205476,17638,161951,5025887,96.5%,0.7%,NS.LH00487_0017.001.B709---D504.Pradseq_23_002_detailed.log,179589,NS.LH00487_0017.001
ATCTCCGCAT,S_23_00983,12731302,44381,482009,12204912,95.9%,1.6%,NS.LH00487_0017.001.B709---D504.Pradseq_23_002_detailed.log,526390,NS.LH00487_0017.001
CACAGCACTG,S_23_00988,9514008,65380,357986,9090642,95.6%,1.2%,NS.LH00487_0017.001.B709---D504.Pradseq_23_002_detailed.log,423366,NS.LH00487_0017.001
TTACCTG,S_23_01008,12229878,91973,450844,11687061,95.6%,1.5%,NS.LH00487_0017.001.B709---D504.Pradseq_23_002_detailed.log,542817,NS.LH00487_0017.001
AGTCACGTAT,S_23_01026,14011566,153705,549764,13308097,95.0%,1.7%,NS.LH00487_0017.001.B709---D504.Pradseq_23_002_detailed.log,703469,NS.LH00487_0017.001
AGAACAGTG,S_23_01047,9714132,40327,343844,9329961,96.0%,1.2%,NS.LH00487_0017.001.B709---D504.Pradseq_23_002_detailed.log,384171,NS.LH00487_0017.001
CGATTCCT,S_23_01053,9560790,56028,314879,9189883,96.1%,1.2%,NS.LH00487_0017.001.B709---D504.Pradseq_23_002_detailed.log,370907,NS.LH00487_0017.001
CGGTAAGT,S_23_01057,1394488,11663,42686,1340139,96.1%,0.2%,NS.LH00487_0017.001.B709---D504.Pradseq_23_002_detailed.log,54349,NS.LH00487_0017.001
GCATAGCAAT,S_23_01059,11839728,73062,399553,11367113,96.0%,1.5%,NS.LH00487_0017.001.B709---D504.Pradseq_23_002_detailed.log,472615,NS.LH00487_0017.001
TAGCTGT,S_23_01064,8659172,29057,266187,8363928,96.6%,1.1%,NS.LH00487_0017.001.B709---D504.Pradseq_23_002_detailed.log,295244,NS.LH00487_0017.001
GACGCTAT,S_23_01066,1527424,1556,37483,1488385,97.4%,0.2%,NS.LH00487_0017.001.B709---D504.Pradseq_23_002_detailed.log,39039,NS.LH00487_0017.001
TGCCAT,S_23_01067,6897286,20460,172757,6704069,97.2%,0.9%,NS.LH00487_0017.001.B709---D504.Pradseq_23_002_detailed.log,193217,NS.LH00487_0017.001
GTACTACCT,S_23_01098,13871652,29961,508598,13333093,96.1%,1.7%,NS.LH00487_0017.001.B709---D504.Pradseq_23_002_detailed.log,538559,NS.LH00487_0017.001
AATGACG,S_23_01107,7593356,31865,195835,7365656,97.0%,1.0%,NS.LH00487_0017.001.B709---D504.Pradseq_23_002_detailed.log,227700,NS.LH00487_0017.001
TGAGGT,S_23_01108,13685842,50079,395444,13240319,96.7%,1.7%,NS.LH00487_0017.001.B709---D504.Pradseq_23_002_detailed.log,445523,NS.LH00487_0017.001
TTGGTAG,S_23_01109,8351364,32956,275764,8042644,96.3%,1.0%,NS.LH00487_0017.001.B709---D504.Pradseq_23_002_detailed.log,308720,NS.LH00487_0017.001
TTACCGCT,S_23_01113,12245826,42896,413651,11789279,96.3%,1.5%,NS.LH00487_0017.001.B709---D504.Pradseq_23_002_detailed.log,456547,NS.LH00487_0017.001
CGCCTTATG,S_23_01114,8007602,25824,294943,7686835,96.0%,1.0%,NS.LH00487_0017.001.B709---D504.Pradseq_23_002_detailed.log,320767,NS.LH00487_0017.001
CGAAGAAGAT,S_23_01115,14350490,40257,535287,13774946,96.0%,1.8%,NS.LH00487_0017.001.B709---D504.Pradseq_23_002_detailed.log,575544,NS.LH00487_0017.001
TCAAGCT,S_23_01119,2225182,13730,79334,2132118,95.8%,0.3%,NS.LH00487_0017.001.B709---D504.Pradseq_23_002_detailed.log,93064,NS.LH00487_0017.001
AGTACGTGAT,S_23_01155,13346726,77155,517450,12752121,95.5%,1.7%,NS.LH00487_0017.001.B709---D504.Pradseq_23_002_detailed.log,594605,NS.LH00487_0017.001
TATGACGCAT,S_23_01158,6171702,57665,307916,5806121,94.1%,0.8%,NS.LH00487_0017.001.B709---D504.Pradseq_23_002_detailed.log,365581,NS.LH00487_0017.001
CAATGTCGT,S_23_01161,5719874,40813,205264,5473797,95.7%,0.7%,NS.LH00487_0017.001.B709---D504.Pradseq_23_002_detailed.log,246077,NS.LH00487_0017.001
AATGCG,S_23_01165,5743824,48079,193156,5502589,95.8%,0.7%,NS.LH00487_0017.001.B709---D504.Pradseq_23_002_detailed.log,241235,NS.LH00487_0017.001
GTATGCG,S_23_01171,10353584,42107,315307,9996170,96.5%,1.3%,NS.LH00487_0017.001.B709---D504.Pradseq_23_002_detailed.log,357414,NS.LH00487_0017.001
TACAACTTGG,S_23_01174,6927622,38389,277299,6611934,95.4%,0.9%,NS.LH00487_0017.001.B709---D504.Pradseq_23_002_detailed.log,315688,NS.LH00487_0017.001
GAATCG,S_23_01196,12070606,72037,400993,11597576,96.1%,1.5%,NS.LH00487_0017.001.B709---D504.Pradseq_23_002_detailed.log,473030,NS.LH00487_0017.001
ATAAGCACG,S_23_01199,6156298,23068,224467,5908763,96.0%,0.8%,NS.LH00487_0017.001.B709---D504.Pradseq_23_002_detailed.log,247535,NS.LH00487_0017.001
GATGTG,S_23_01201,14374840,38305,401882,13934653,96.9%,1.8%,NS.LH00487_0017.001.B709---D504.Pradseq_23_002_detailed.log,440187,NS.LH00487_0017.001
TTATGCGTAG,S_23_01203,4722052,16120,181103,4524829,95.8%,0.6%,NS.LH00487_0017.001.B709---D504.Pradseq_23_002_detailed.log,197223,NS.LH00487_0017.001
ATAGGACCT,S_23_01207,23248626,72317,789036,22387273,96.3%,2.9%,NS.LH00487_0017.001.B709---D504.Pradseq_23_002_detailed.log,861353,NS.LH00487_0017.001
GGCAGATTG,S_23_01211,4893816,44569,230482,4618765,94.4%,0.6%,NS.LH00487_0017.001.B709---D504.Pradseq_23_002_detailed.log,275051,NS.LH00487_0017.001
GGTAGGAT,S_23_01212,9502936,41649,336979,9124308,96.0%,1.2%,NS.LH00487_0017.001.B709---D504.Pradseq_23_002_detailed.log,378628,NS.LH00487_0017.001
GTTCTCT,S_23_01223,5809426,22106,183874,5603446,96.5%,0.7%,NS.LH00487_0017.001.B709---D504.Pradseq_23_002_detailed.log,205980,NS.LH00487_0017.001
ACATACCAG,S_23_01226,5419214,15130,188773,5215311,96.2%,0.7%,NS.LH00487_0017.001.B709---D504.Pradseq_23_002_detailed.log,203903,NS.LH00487_0017.001
GCTGATT,S_23_01245,16570336,51070,493652,16025614,96.7%,2.1%,NS.LH00487_0017.001.B709---D504.Pradseq_23_002_detailed.log,544722,NS.LH00487_0017.001
TAACGG,S_23_01248,6544038,26455,183863,6333720,96.8%,0.8%,NS.LH00487_0017.001.B709---D504.Pradseq_23_002_detailed.log,210318,NS.LH00487_0017.001
GATTGCGT,S_23_01253,16211990,35640,506028,15670322,96.7%,2.0%,NS.LH00487_0017.001.B709---D504.Pradseq_23_002_detailed.log,541668,NS.LH00487_0017.001
TACGTCT,S_23_01267,6771736,27388,212020,6532328,96.5%,0.9%,NS.LH00487_0017.001.B709---D504.Pradseq_23_002_detailed.log,239408,NS.LH00487_0017.001
AACATAGCG,S_23_01274,5420560,13187,184199,5223174,96.4%,0.7%,NS.LH00487_0017.001.B709---D504.Pradseq_23_002_detailed.log,197386,NS.LH00487_0017.001
ACATCG,S_23_01278,10404934,83259,334511,9987164,96.0%,1.3%,NS.LH00487_0017.001.B709---D504.Pradseq_23_002_detailed.log,417770,NS.LH00487_0017.001
ATCGCAAG,S_23_01795,7156350,46412,245282,6864656,95.9%,0.9%,NS.LH00487_0017.001.B709---D504.Pradseq_23_002_detailed.log,291694,NS.LH00487_0017.001
ATCACCAG,S_23_01805,8490098,35043,326472,8128583,95.7%,1.1%,NS.LH00487_0017.001.B709---D504.Pradseq_23_002_detailed.log,361515,NS.LH00487_0017.001
GAGTCT,S_23_01807,7272216,29892,209308,7033016,96.7%,0.9%,NS.LH00487_0017.001.B709---D504.Pradseq_23_002_detailed.log,239200,NS.LH00487_0017.001
AGCCATTG,S_23_01811,13787598,59439,486597,13241562,96.0%,1.7%,NS.LH00487_0017.001.B709---D504.Pradseq_23_002_detailed.log,546036,NS.LH00487_0017.001
ATACATCAGG,S_23_01821,4676018,20403,184596,4471019,95.6%,0.6%,NS.LH00487_0017.001.B709---D504.Pradseq_23_002_detailed.log,204999,NS.LH00487_0017.001
CATCGTAG,S_23_01824,8619374,72832,370637,8175905,94.9%,1.1%,NS.LH00487_0017.001.B709---D504.Pradseq_23_002_detailed.log,443469,NS.LH00487_0017.001
AGTGTAACCT,S_23_01843,5499652,21924,208419,5269309,95.8%,0.7%,NS.LH00487_0017.001.B709---D504.Pradseq_23_002_detailed.log,230343,NS.LH00487_0017.001
CCTTGAAG,S_23_01868,133780,1534,7286,124960,93.4%,0.0%,NS.LH00487_0017.001.B709---D504.Pradseq_23_002_detailed.log,8820,NS.LH00487_0017.001
CTTACTG,S_23_01903,4167392,22750,187090,3957552,95.0%,0.5%,NS.LH00487_0017.001.B709---D504.Pradseq_23_002_detailed.log,209840,NS.LH00487_0017.001
TCCTATCTG,S_23_01906,2627558,24553,140889,2462116,93.7%,0.3%,NS.LH00487_0017.001.B709---D504.Pradseq_23_002_detailed.log,165442,NS.LH00487_0017.001
CGTCATG,S_23_01918,8966544,27210,296913,8642421,96.4%,1.1%,NS.LH00487_0017.001.B709---D504.Pradseq_23_002_detailed.log,324123,NS.LH00487_0017.001
CGACTCAACT,S_23_02006,11849750,56493,526124,11267133,95.1%,1.5%,NS.LH00487_0017.001.B709---D504.Pradseq_23_002_detailed.log,582617,NS.LH00487_0017.001
TCAGAG,S_23_02015,1131372,11581,38853,1080938,95.5%,0.1%,NS.LH00487_0017.001.B709---D504.Pradseq_23_002_detailed.log,50434,NS.LH00487_0017.001
TTACACGG,S_23_02017,7255846,45105,319172,6891569,95.0%,0.9%,NS.LH00487_0017.001.B709---D504.Pradseq_23_002_detailed.log,364277,NS.LH00487_0017.001
TGATGAG,S_23_02022,6440230,45408,254290,6140532,95.3%,0.8%,NS.LH00487_0017.001.B709---D504.Pradseq_23_002_detailed.log,299698,NS.LH00487_0017.001
TCGTGACT,S_23_02023,4051326,20632,176673,3854021,95.1%,0.5%,NS.LH00487_0017.001.B709---D504.Pradseq_23_002_detailed.log,197305,NS.LH00487_0017.001
CGAGTATG,S_23_02036,1554328,10798,55483,1488047,95.7%,0.2%,NS.LH00487_0017.001.B709---D504.Pradseq_23_002_detailed.log,66281,NS.LH00487_0017.001
TTAGCCGT,S_23_02040,9618088,54738,363257,9200093,95.7%,1.2%,NS.LH00487_0017.001.B709---D504.Pradseq_23_002_detailed.log,417995,NS.LH00487_0017.001
GGACTATAG,S_23_02054,1048508,9886,38149,1000473,95.4%,0.1%,NS.LH00487_0017.001.B709---D504.Pradseq_23_002_detailed.log,48035,NS.LH00487_0017.001
CTCAAGAGAT,S_23_02057,10808810,39447,397815,10371548,96.0%,1.4%,NS.LH00487_0017.001.B709---D504.Pradseq_23_002_detailed.log,437262,NS.LH00487_0017.001
AGTGCGGAAT,S_23_02067,491978,5105,23526,463347,94.2%,0.1%,NS.LH00487_0017.001.B709---D504.Pradseq_23_002_detailed.log,28631,NS.LH00487_0017.001
CAAGTCCAT,S_23_02076,152414,2191,6598,143625,94.2%,0.0%,NS.LH00487_0017.001.B709---D504.Pradseq_23_002_detailed.log,8789,NS.LH00487_0017.001
CCAGGTAAT,S_23_02087,9066092,55323,503468,8507301,93.8%,1.1%,NS.LH00487_0017.001.B709---D504.Pradseq_23_002_detailed.log,558791,NS.LH00487_0017.001
ACCTCTGT,S_23_02091,530,242,31,257,48.5%,0.0%,NS.LH00487_0017.001.B709---D504.Pradseq_23_002_detailed.log,273,NS.LH00487_0017.001
AACTCCTGG,S_23_02092,44,9,0,35,79.5%,0.0%,NS.LH00487_0017.001.B709---D504.Pradseq_23_002_detailed.log,9,NS.LH00487_0017.001
GGAATG,S_23_02094,4121164,51738,243975,3825451,92.8%,0.5%,NS.LH00487_0017.001.B709---D504.Pradseq_23_002_detailed.log,295713,NS.LH00487_0017.001
CGCAATATG,S_23_02096,11919702,111822,522829,11285051,94.7%,1.5%,NS.LH00487_0017.001.B709---D504.Pradseq_23_002_detailed.log,634651,NS.LH00487_0017.001
GACCGAACCT,S_23_02106,9943556,18474,336951,9588131,96.4%,1.2%,NS.LH00487_0017.001.B709---D504.Pradseq_23_002_detailed.log,355425,NS.LH00487_0017.001
TGTGTG,S_23_02107,11112368,70066,376555,10665747,96.0%,1.4%,NS.LH00487_0017.001.B709---D504.Pradseq_23_002_detailed.log,446621,NS.LH00487_0017.001
GCTTAT,S_23_02118,23679490,81959,714480,22883051,96.6%,3.0%,NS.LH00487_0017.001.B709---D504.Pradseq_23_002_detailed.log,796439,NS.LH00487_0017.001
AGTCTAG,S_23_02120,15940160,52298,492607,15395255,96.6%,2.0%,NS.LH00487_0017.001.B709---D504.Pradseq_23_002_detailed.log,544905,NS.LH00487_0017.001
TTAGTCTCG,S_23_02121,10640120,116653,533635,9989832,93.9%,1.3%,NS.LH00487_0017.001.B709---D504.Pradseq_23_002_detailed.log,650288,NS.LH00487_0017.001
ACTTGAG,S_23_02128,8338844,90412,351849,7896583,94.7%,1.0%,NS.LH00487_0017.001.B709---D504.Pradseq_23_002_detailed.log,442261,NS.LH00487_0017.001
TAGTCAGG,S_23_02146,13464058,42004,432595,12989459,96.5%,1.7%,NS.LH00487_0017.001.B709---D504.Pradseq_23_002_detailed.log,474599,NS.LH00487_0017.001
GATCAG,S_23_02157,7095542,24366,189376,6881800,97.0%,0.9%,NS.LH00487_0017.001.B709---D504.Pradseq_23_002_detailed.log,213742,NS.LH00487_0017.001
ACGCAT,S_23_02158,13369450,40958,394443,12934049,96.7%,1.7%,NS.LH00487_0017.001.B709---D504.Pradseq_23_002_detailed.log,435401,NS.LH00487_0017.001
ACAAGG,S_23_02170,6394752,48436,211896,6134420,95.9%,0.8%,NS.LH00487_0017.001.B709---D504.Pradseq_23_002_detailed.log,260332,NS.LH00487_0017.001
CATATG,S_23_02179,10492438,20402,295484,10176552,97.0%,1.3%,NS.LH00487_0017.001.B709---D504.Pradseq_23_002_detailed.log,315886,NS.LH00487_0017.001
CTGTCCACAG,S_23_02184,3242342,45445,163457,3033440,93.6%,0.4%,NS.LH00487_0017.001.B709---D504.Pradseq_23_002_detailed.log,208902,NS.LH00487_0017.001
CCTCTTAG,S_23_02188,4503344,36668,187069,4279607,95.0%,0.6%,NS.LH00487_0017.001.B709---D504.Pradseq_23_002_detailed.log,223737,NS.LH00487_0017.001
GATCCT,S_23_02190,5925550,77817,275233,5572500,94.0%,0.7%,NS.LH00487_0017.001.B709---D504.Pradseq_23_002_detailed.log,353050,NS.LH00487_0017.001
GTACAACG,S_23_02199,7996994,106160,347803,7543031,94.3%,1.0%,NS.LH00487_0017.001.B709---D504.Pradseq_23_002_detailed.log,453963,NS.LH00487_0017.001
GTCATGTGCG,S_23_02201,4354150,61863,205912,4086375,93.9%,0.5%,NS.LH00487_0017.001.B709---D504.Pradseq_23_002_detailed.log,267775,NS.LH00487_0017.001
CTGGCAT,S_23_02203,8547296,48574,236410,8262312,96.7%,1.1%,NS.LH00487_0017.001.B709---D504.Pradseq_23_002_detailed.log,284984,NS.LH00487_0017.001
ATGGAG,S_23_02205,8120340,70793,277075,7772472,95.7%,1.0%,NS.LH00487_0017.001.B709---D504.Pradseq_23_002_detailed.log,347868,NS.LH00487_0017.001
CTCCGAACT,S_23_02206,9366728,52569,160248,9153911,97.7%,1.2%,NS.LH00487_0017.001.B709---D504.Pradseq_23_002_detailed.log,212817,NS.LH00487_0017.001
CATTGTG,S_23_02214,11692122,111656,444045,11136421,95.2%,1.5%,NS.LH00487_0017.001.B709---D504.Pradseq_23_002_detailed.log,555701,NS.LH00487_0017.001
GCCGATAAT,S_23_02216,3195432,51356,152349,2991727,93.6%,0.4%,NS.LH00487_0017.001.B709---D504.Pradseq_23_002_detailed.log,203705,NS.LH00487_0017.001
CTCGACT,S_23_02219,5092666,35455,132570,4924641,96.7%,0.6%,NS.LH00487_0017.001.B709---D504.Pradseq_23_002_detailed.log,168025,NS.LH00487_0017.001
AGATGCAGG,S_23_02239,6196360,41632,244094,5910634,95.4%,0.8%,NS.LH00487_0017.001.B709---D504.Pradseq_23_002_detailed.log,285726,NS.LH00487_0017.001
CTGGCAAGCT,S_23_02244,9900368,83359,495109,9321900,94.2%,1.2%,NS.LH00487_0017.001.B709---D504.Pradseq_23_002_detailed.log,578468,NS.LH00487_0017.001
AACCGCTTG,S_23_02254,10061818,91102,507461,9463255,94.1%,1.2%,NS.LH00487_0017.001.B709---D504.Pradseq_23_002_detailed.log,598563,NS.LH00487_0017.001
GAGATAG,S_23_02266,5535460,15154,137706,5382600,97.2%,0.7%,NS.LH00487_0017.001.B709---D504.Pradseq_23_002_detailed.log,152860,NS.LH00487_0017.001
TGACTG,S_23_00989,13977204,50369,409909,13516926,96.7%,1.8%,NS.LH00487_0017.001.B710---B501.Pradseq_23_003_detailed.log,460278,NS.LH00487_0017.001
ATGCTACG,S_23_00990,7869986,36597,253099,7580290,96.3%,1.0%,NS.LH00487_0017.001.B710---B501.Pradseq_23_003_detailed.log,289696,NS.LH00487_0017.001
GCATGGT,S_23_00995,10908310,43633,307633,10557044,96.8%,1.4%,NS.LH00487_0017.001.B710---B501.Pradseq_23_003_detailed.log,351266,NS.LH00487_0017.001
CGAGCAACCT,S_23_01000,5364962,26407,206502,5132053,95.7%,0.7%,NS.LH00487_0017.001.B710---B501.Pradseq_23_003_detailed.log,232909,NS.LH00487_0017.001
GAGTAG,S_23_01051,3394162,19089,74323,3300750,97.2%,0.4%,NS.LH00487_0017.001.B710---B501.Pradseq_23_003_detailed.log,93412,NS.LH00487_0017.001
AGTTCCT,S_23_01055,1741580,11197,45536,1684847,96.7%,0.2%,NS.LH00487_0017.001.B710---B501.Pradseq_23_003_detailed.log,56733,NS.LH00487_0017.001
TGTGGTCT,S_23_01071,1720444,10700,50852,1658892,96.4%,0.2%,NS.LH00487_0017.001.B710---B501.Pradseq_23_003_detailed.log,61552,NS.LH00487_0017.001
GGCGATACCT,S_23_01075,4454834,7017,140229,4307588,96.7%,0.6%,NS.LH00487_0017.001.B710---B501.Pradseq_23_003_detailed.log,147246,NS.LH00487_0017.001
GTCTTG,S_23_01099,6173826,11576,147452,6014798,97.4%,0.8%,NS.LH00487_0017.001.B710---B501.Pradseq_23_003_detailed.log,159028,NS.LH00487_0017.001
GATAAGG,S_23_01104,5820622,33314,190461,5596847,96.2%,0.8%,NS.LH00487_0017.001.B710---B501.Pradseq_23_003_detailed.log,223775,NS.LH00487_0017.001
ACGGCAAT,S_23_01105,269332,838,7141,261353,97.0%,0.0%,NS.LH00487_0017.001.B710---B501.Pradseq_23_003_detailed.log,7979,NS.LH00487_0017.001
GCCATTATTG,S_23_01106,9416292,52474,388887,8974931,95.3%,1.2%,NS.LH00487_0017.001.B710---B501.Pradseq_23_003_detailed.log,441361,NS.LH00487_0017.001
AGCTGGAT,S_23_01112,3771954,31409,148890,3591655,95.2%,0.5%,NS.LH00487_0017.001.B710---B501.Pradseq_23_003_detailed.log,180299,NS.LH00487_0017.001
CACACTG,S_23_01118,8850424,56767,300246,8493411,96.0%,1.1%,NS.LH00487_0017.001.B710---B501.Pradseq_23_003_detailed.log,357013,NS.LH00487_0017.001
TTGTCG,S_23_01127,709306,6500,20552,682254,96.2%,0.1%,NS.LH00487_0017.001.B710---B501.Pradseq_23_003_detailed.log,27052,NS.LH00487_0017.001
TAGGAG,S_23_01150,7836872,77038,251523,7508311,95.8%,1.0%,NS.LH00487_0017.001.B710---B501.Pradseq_23_003_detailed.log,328561,NS.LH00487_0017.001
CGACTTG,S_23_01151,14657642,142252,449910,14065480,96.0%,1.9%,NS.LH00487_0017.001.B710---B501.Pradseq_23_003_detailed.log,592162,NS.LH00487_0017.001
TCAGTGGT,S_23_01152,8802246,71386,328068,8402792,95.5%,1.1%,NS.LH00487_0017.001.B710---B501.Pradseq_23_003_detailed.log,399454,NS.LH00487_0017.001
GTTGTCCT,S_23_01159,13735104,80561,516089,13138454,95.7%,1.8%,NS.LH00487_0017.001.B710---B501.Pradseq_23_003_detailed.log,596650,NS.LH00487_0017.001
TAGCTCG,S_23_01175,12247834,59710,369510,11818614,96.5%,1.6%,NS.LH00487_0017.001.B710---B501.Pradseq_23_003_detailed.log,429220,NS.LH00487_0017.001
CTCGGCACAT,S_23_01176,6016762,23080,225018,5768664,95.9%,0.8%,NS.LH00487_0017.001.B710---B501.Pradseq_23_003_detailed.log,248098,NS.LH00487_0017.001
CGGATGAT,S_23_01177,8023812,18946,239435,7765431,96.8%,1.0%,NS.LH00487_0017.001.B710---B501.Pradseq_23_003_detailed.log,258381,NS.LH00487_0017.001
GGTTGG,S_23_01197,9340308,56652,324686,8958970,95.9%,1.2%,NS.LH00487_0017.001.B710---B501.Pradseq_23_003_detailed.log,381338,NS.LH00487_0017.001
CGCTATTG,S_23_01198,8500524,23750,267710,8209064,96.6%,1.1%,NS.LH00487_0017.001.B710---B501.Pradseq_23_003_detailed.log,291460,NS.LH00487_0017.001
CCATACGAT,S_23_01200,10764418,73541,412884,10277993,95.5%,1.4%,NS.LH00487_0017.001.B710---B501.Pradseq_23_003_detailed.log,486425,NS.LH00487_0017.001
AAGGTGT,S_23_01210,10221048,57065,308782,9855201,96.4%,1.3%,NS.LH00487_0017.001.B710---B501.Pradseq_23_003_detailed.log,365847,NS.LH00487_0017.001
ATAAGGCTG,S_23_01246,19620960,64910,716513,18839537,96.0%,2.5%,NS.LH00487_0017.001.B710---B501.Pradseq_23_003_detailed.log,781423,NS.LH00487_0017.001
CGCATTCT,S_23_01247,7285192,47403,266479,6971310,95.7%,0.9%,NS.LH00487_0017.001.B710---B501.Pradseq_23_003_detailed.log,313882,NS.LH00487_0017.001
ACTACGT,S_23_01252,12969722,82456,461916,12425350,95.8%,1.7%,NS.LH00487_0017.001.B710---B501.Pradseq_23_003_detailed.log,544372,NS.LH00487_0017.001
TATGGCAG,S_23_01258,8942104,35439,267870,8638795,96.6%,1.2%,NS.LH00487_0017.001.B710---B501.Pradseq_23_003_detailed.log,303309,NS.LH00487_0017.001
GAACGACTG,S_23_01263,9631882,27847,312982,9291053,96.5%,1.3%,NS.LH00487_0017.001.B710---B501.Pradseq_23_003_detailed.log,340829,NS.LH00487_0017.001
CCAAGTTAG,S_23_01268,8107708,33832,284212,7789664,96.1%,1.0%,NS.LH00487_0017.001.B710---B501.Pradseq_23_003_detailed.log,318044,NS.LH00487_0017.001
GAAGTACTTG,S_23_01275,5658612,21298,195864,5441450,96.2%,0.7%,NS.LH00487_0017.001.B710---B501.Pradseq_23_003_detailed.log,217162,NS.LH00487_0017.001
ACAGAGCAT,S_23_01276,6101588,41446,261543,5798599,95.0%,0.8%,NS.LH00487_0017.001.B710---B501.Pradseq_23_003_detailed.log,302989,NS.LH00487_0017.001
GCATATACG,S_23_01789,10934918,29359,367598,10537961,96.4%,1.4%,NS.LH00487_0017.001.B710---B501.Pradseq_23_003_detailed.log,396957,NS.LH00487_0017.001
TAATCCTCG,S_23_01790,3310812,13688,125808,3171316,95.8%,0.4%,NS.LH00487_0017.001.B710---B501.Pradseq_23_003_detailed.log,139496,NS.LH00487_0017.001
CACAAG,S_23_01794,4923648,58892,170077,4694679,95.3%,0.6%,NS.LH00487_0017.001.B710---B501.Pradseq_23_003_detailed.log,228969,NS.LH00487_0017.001
GAAGGAGCT,S_23_01800,4717832,31487,203690,4482655,95.0%,0.6%,NS.LH00487_0017.001.B710---B501.Pradseq_23_003_detailed.log,235177,NS.LH00487_0017.001
AGGTAGACGG,S_23_01810,6912774,50752,287716,6574306,95.1%,0.9%,NS.LH00487_0017.001.B710---B501.Pradseq_23_003_detailed.log,338468,NS.LH00487_0017.001
GAGTCAG,S_23_01813,12208440,57159,379085,11772196,96.4%,1.6%,NS.LH00487_0017.001.B710---B501.Pradseq_23_003_detailed.log,436244,NS.LH00487_0017.001
TACAAGACAG,S_23_01849,3186536,23377,142760,3020399,94.8%,0.4%,NS.LH00487_0017.001.B710---B501.Pradseq_23_003_detailed.log,166137,NS.LH00487_0017.001
ACTCTG,S_23_01850,4392672,29324,150728,4212620,95.9%,0.6%,NS.LH00487_0017.001.B710---B501.Pradseq_23_003_detailed.log,180052,NS.LH00487_0017.001
ACACAGACT,S_23_01855,10511480,39594,371202,10100684,96.1%,1.4%,NS.LH00487_0017.001.B710---B501.Pradseq_23_003_detailed.log,410796,NS.LH00487_0017.001
TGGACGTAG,S_23_01872,12039560,42109,432761,11564690,96.1%,1.6%,NS.LH00487_0017.001.B710---B501.Pradseq_23_003_detailed.log,474870,NS.LH00487_0017.001
CGTCTGT,S_23_01878,9998562,43363,350868,9604331,96.1%,1.3%,NS.LH00487_0017.001.B710---B501.Pradseq_23_003_detailed.log,394231,NS.LH00487_0017.001
TCAGAATTCG,S_23_01899,5656034,49741,302134,5304159,93.8%,0.7%,NS.LH00487_0017.001.B710---B501.Pradseq_23_003_detailed.log,351875,NS.LH00487_0017.001
TTCAGCG,S_23_01900,6383220,34149,217986,6131085,96.1%,0.8%,NS.LH00487_0017.001.B710---B501.Pradseq_23_003_detailed.log,252135,NS.LH00487_0017.001
GCTAAG,S_23_01901,664334,9015,21923,633396,95.3%,0.1%,NS.LH00487_0017.001.B710---B501.Pradseq_23_003_detailed.log,30938,NS.LH00487_0017.001
AGCTTCG,S_23_01911,7496732,44348,281501,7170883,95.7%,1.0%,NS.LH00487_0017.001.B710---B501.Pradseq_23_003_detailed.log,325849,NS.LH00487_0017.001
GCAATTGG,S_23_01915,13807990,83087,523245,13201658,95.6%,1.8%,NS.LH00487_0017.001.B710---B501.Pradseq_23_003_detailed.log,606332,NS.LH00487_0017.001
GCACTACAT,S_23_01924,5799032,16987,193056,5588989,96.4%,0.8%,NS.LH00487_0017.001.B710---B501.Pradseq_23_003_detailed.log,210043,NS.LH00487_0017.001
GGTTCTTG,S_23_01926,7696038,46823,296922,7352293,95.5%,1.0%,NS.LH00487_0017.001.B710---B501.Pradseq_23_003_detailed.log,343745,NS.LH00487_0017.001
CCTCGATTGG,S_23_02000,1702938,10401,66355,1626182,95.5%,0.2%,NS.LH00487_0017.001.B710---B501.Pradseq_23_003_detailed.log,76756,NS.LH00487_0017.001
CTGCGGAACT,S_23_02002,4102082,19424,172222,3910436,95.3%,0.5%,NS.LH00487_0017.001.B710---B501.Pradseq_23_003_detailed.log,191646,NS.LH00487_0017.001
TGTTCAATGG,S_23_02007,2703478,13712,91735,2598031,96.1%,0.4%,NS.LH00487_0017.001.B710---B501.Pradseq_23_003_detailed.log,105447,NS.LH00487_0017.001
CGACCATCTG,S_23_02014,8585650,65449,376297,8143904,94.9%,1.1%,NS.LH00487_0017.001.B710---B501.Pradseq_23_003_detailed.log,441746,NS.LH00487_0017.001
CGCTATGT,S_23_02021,6849682,37390,253312,6558980,95.8%,0.9%,NS.LH00487_0017.001.B710---B501.Pradseq_23_003_detailed.log,290702,NS.LH00487_0017.001
AGTAGGTG,S_23_02025,4365910,29684,171070,4165156,95.4%,0.6%,NS.LH00487_0017.001.B710---B501.Pradseq_23_003_detailed.log,200754,NS.LH00487_0017.001
GGAGGTAAT,S_23_02027,4645134,31757,213935,4399442,94.7%,0.6%,NS.LH00487_0017.001.B710---B501.Pradseq_23_003_detailed.log,245692,NS.LH00487_0017.001
TTGAAGCG,S_23_02031,4415430,32141,176899,4206390,95.3%,0.6%,NS.LH00487_0017.001.B710---B501.Pradseq_23_003_detailed.log,209040,NS.LH00487_0017.001
TGACAGTG,S_23_02046,4518882,29185,135757,4353940,96.3%,0.6%,NS.LH00487_0017.001.B710---B501.Pradseq_23_003_detailed.log,164942,NS.LH00487_0017.001
CGTACATG,S_23_02050,192770,1589,6175,185006,96.0%,0.0%,NS.LH00487_0017.001.B710---B501.Pradseq_23_003_detailed.log,7764,NS.LH00487_0017.001
TTCCATG,S_23_02052,174780,3366,8613,162801,93.1%,0.0%,NS.LH00487_0017.001.B710---B501.Pradseq_23_003_detailed.log,11979,NS.LH00487_0017.001
CAAGTG,S_23_02060,64688,9927,4092,50669,78.3%,0.0%,NS.LH00487_0017.001.B710---B501.Pradseq_23_003_detailed.log,14019,NS.LH00487_0017.001
CGAACACTCG,S_23_02086,6275772,59576,369463,5846733,93.2%,0.8%,NS.LH00487_0017.001.B710---B501.Pradseq_23_003_detailed.log,429039,NS.LH00487_0017.001
TATTGACAGG,S_23_02093,1153480,17041,60725,1075714,93.3%,0.1%,NS.LH00487_0017.001.B710---B501.Pradseq_23_003_detailed.log,77766,NS.LH00487_0017.001
AGAACT,S_23_02101,8563024,65459,277315,8220250,96.0%,1.1%,NS.LH00487_0017.001.B710---B501.Pradseq_23_003_detailed.log,342774,NS.LH00487_0017.001
GTCACTCT,S_23_02109,16006056,46068,516612,15443376,96.5%,2.1%,NS.LH00487_0017.001.B710---B501.Pradseq_23_003_detailed.log,562680,NS.LH00487_0017.001
CGACATTAG,S_23_02111,20148282,42642,673334,19432306,96.4%,2.6%,NS.LH00487_0017.001.B710---B501.Pradseq_23_003_detailed.log,715976,NS.LH00487_0017.001
CTCACTTGCG,S_23_02114,7397278,27251,276001,7094026,95.9%,1.0%,NS.LH00487_0017.001.B710---B501.Pradseq_23_003_detailed.log,303252,NS.LH00487_0017.001
AACCTG,S_23_02116,22358690,91659,681981,21585050,96.5%,2.9%,NS.LH00487_0017.001.B710---B501.Pradseq_23_003_detailed.log,773640,NS.LH00487_0017.001
CAGCCTAT,S_23_02138,6157938,19200,195360,5943378,96.5%,0.8%,NS.LH00487_0017.001.B710---B501.Pradseq_23_003_detailed.log,214560,NS.LH00487_0017.001
TCGAACCT,S_23_02143,18248036,43488,563098,17641450,96.7%,2.4%,NS.LH00487_0017.001.B710---B501.Pradseq_23_003_detailed.log,606586,NS.LH00487_0017.001
GAGGCAAT,S_23_02144,23220618,41061,682004,22497553,96.9%,3.0%,NS.LH00487_0017.001.B710---B501.Pradseq_23_003_detailed.log,723065,NS.LH00487_0017.001
AGCCACT,S_23_02150,7985994,35665,257653,7692676,96.3%,1.0%,NS.LH00487_0017.001.B710---B501.Pradseq_23_003_detailed.log,293318,NS.LH00487_0017.001
CAGGAT,S_23_02156,15199828,63411,435593,14700824,96.7%,2.0%,NS.LH00487_0017.001.B710---B501.Pradseq_23_003_detailed.log,499004,NS.LH00487_0017.001
AGACTTGGT,S_23_02161,6660754,17151,222700,6420903,96.4%,0.9%,NS.LH00487_0017.001.B710---B501.Pradseq_23_003_detailed.log,239851,NS.LH00487_0017.001
TGTAGACG,S_23_02172,4354416,14789,136951,4202676,96.5%,0.6%,NS.LH00487_0017.001.B710---B501.Pradseq_23_003_detailed.log,151740,NS.LH00487_0017.001
ACCTGGT,S_23_02176,10082252,29534,320221,9732497,96.5%,1.3%,NS.LH00487_0017.001.B710---B501.Pradseq_23_003_detailed.log,349755,NS.LH00487_0017.001
TCAACG,S_23_02178,11464810,34182,308634,11121994,97.0%,1.5%,NS.LH00487_0017.001.B710---B501.Pradseq_23_003_detailed.log,342816,NS.LH00487_0017.001
GCACAGATAG,S_23_02180,13304986,34759,464219,12806008,96.2%,1.7%,NS.LH00487_0017.001.B710---B501.Pradseq_23_003_detailed.log,498978,NS.LH00487_0017.001
GTGAGACT,S_23_02194,3331304,23748,120993,3186563,95.7%,0.4%,NS.LH00487_0017.001.B710---B501.Pradseq_23_003_detailed.log,144741,NS.LH00487_0017.001
TAGAGGAGG,S_23_02196,6995356,96211,276970,6622175,94.7%,0.9%,NS.LH00487_0017.001.B710---B501.Pradseq_23_003_detailed.log,373181,NS.LH00487_0017.001
GCCGTAATG,S_23_02200,7675844,90819,341693,7243332,94.4%,1.0%,NS.LH00487_0017.001.B710---B501.Pradseq_23_003_detailed.log,432512,NS.LH00487_0017.001
TACGCTGAT,S_23_02215,3268628,22561,108678,3137389,96.0%,0.4%,NS.LH00487_0017.001.B710---B501.Pradseq_23_003_detailed.log,131239,NS.LH00487_0017.001
ACACCTCTG,S_23_02242,3017682,57635,199354,2760693,91.5%,0.4%,NS.LH00487_0017.001.B710---B501.Pradseq_23_003_detailed.log,256989,NS.LH00487_0017.001
CTTAGCT,S_23_02243,4784158,28706,157296,4598156,96.1%,0.6%,NS.LH00487_0017.001.B710---B501.Pradseq_23_003_detailed.log,186002,NS.LH00487_0017.001
AGAGCAT,S_23_02244_rep,7988950,55588,305758,7627604,95.5%,1.0%,NS.LH00487_0017.001.B710---B501.Pradseq_23_003_detailed.log,361346,NS.LH00487_0017.001
TACTTAGCGT,S_23_02250,7472386,118054,426895,6927437,92.7%,0.9%,NS.LH00487_0017.001.B710---B501.Pradseq_23_003_detailed.log,544949,NS.LH00487_0017.001
AGTGATG,S_23_02251,9961266,66209,386794,9508263,95.5%,1.3%,NS.LH00487_0017.001.B710---B501.Pradseq_23_003_detailed.log,453003,NS.LH00487_0017.001
AACCGT,S_23_02255,8182868,38141,241103,7903624,96.6%,1.1%,NS.LH00487_0017.001.B710---B501.Pradseq_23_003_detailed.log,279244,NS.LH00487_0017.001
GCGACAACT,S_23_02257,8205628,33850,271736,7900042,96.3%,1.1%,NS.LH00487_0017.001.B710---B501.Pradseq_23_003_detailed.log,305586,NS.LH00487_0017.001
ACCTGT,S_23_02259,10697848,52235,350871,10294742,96.2%,1.4%,NS.LH00487_0017.001.B710---B501.Pradseq_23_003_detailed.log,403106,NS.LH00487_0017.001
TCCGTGAGT,S_23_02265,13561468,52521,378507,13130440,96.8%,1.8%,NS.LH00487_0017.001.B710---B501.Pradseq_23_003_detailed.log,431028,NS.LH00487_0017.001
TGTCCG,S_23_00984,5037214,31288,230690,4775236,94.8%,0.6%,NS.LH00487_0017.001.B710---B502.Pradseq_23_004_detailed.log,261978,NS.LH00487_0017.001
TCCTACG,S_23_00996,5764892,21704,258592,5484596,95.1%,0.7%,NS.LH00487_0017.001.B710---B502.Pradseq_23_004_detailed.log,280296,NS.LH00487_0017.001
GTCAAG,S_23_01004,6931868,52453,266778,6612637,95.4%,0.9%,NS.LH00487_0017.001.B710---B502.Pradseq_23_004_detailed.log,319231,NS.LH00487_0017.001
TTGCCAAG,S_23_01010,13342850,73960,584154,12684736,95.1%,1.7%,NS.LH00487_0017.001.B710---B502.Pradseq_23_004_detailed.log,658114,NS.LH00487_0017.001
GGCAATG,S_23_01011,6029260,37507,266876,5724877,95.0%,0.8%,NS.LH00487_0017.001.B710---B502.Pradseq_23_004_detailed.log,304383,NS.LH00487_0017.001
CGTAGAT,S_23_01045,11060220,67608,521992,10470620,94.7%,1.4%,NS.LH00487_0017.001.B710---B502.Pradseq_23_004_detailed.log,589600,NS.LH00487_0017.001
TACAGT,S_23_01046,10299068,41596,437909,9819563,95.3%,1.3%,NS.LH00487_0017.001.B710---B502.Pradseq_23_004_detailed.log,479505,NS.LH00487_0017.001
CAGCATG,S_23_01048,9575282,46054,330269,9198959,96.1%,1.2%,NS.LH00487_0017.001.B710---B502.Pradseq_23_004_detailed.log,376323,NS.LH00487_0017.001
TCTGGAGTAT,S_23_01052,130,7,7,116,89.2%,0.0%,NS.LH00487_0017.001.B710---B502.Pradseq_23_004_detailed.log,14,NS.LH00487_0017.001
TTAGTTACGG,S_23_01054,16522050,71886,823163,15627001,94.6%,2.1%,NS.LH00487_0017.001.B710---B502.Pradseq_23_004_detailed.log,895049,NS.LH00487_0017.001
GGCTATATAG,S_23_01058,2756872,22495,119326,2615051,94.9%,0.4%,NS.LH00487_0017.001.B710---B502.Pradseq_23_004_detailed.log,141821,NS.LH00487_0017.001
GAATATCAGG,S_23_01063,948,27,25,896,94.5%,0.0%,NS.LH00487_0017.001.B710---B502.Pradseq_23_004_detailed.log,52,NS.LH00487_0017.001
CACACGTAT,S_23_01068,1490634,5361,61665,1423608,95.5%,0.2%,NS.LH00487_0017.001.B710---B502.Pradseq_23_004_detailed.log,67026,NS.LH00487_0017.001
TTACCTCTAG,S_23_01073,12668978,63386,686275,11919317,94.1%,1.6%,NS.LH00487_0017.001.B710---B502.Pradseq_23_004_detailed.log,749661,NS.LH00487_0017.001
TCGTTACAAG,S_23_01076_rep,6705586,16471,326517,6362598,94.9%,0.9%,NS.LH00487_0017.001.B710---B502.Pradseq_23_004_detailed.log,342988,NS.LH00487_0017.001
ATTCGGT,S_23_01097,732252,41378,23393,667481,91.2%,0.1%,NS.LH00487_0017.001.B710---B502.Pradseq_23_004_detailed.log,64771,NS.LH00487_0017.001
GCCTTAGCCT,S_23_01100,1019156,7679,35770,975707,95.7%,0.1%,NS.LH00487_0017.001.B710---B502.Pradseq_23_004_detailed.log,43449,NS.LH00487_0017.001
AACAGCT,S_23_01101,373186,4865,11524,356797,95.6%,0.0%,NS.LH00487_0017.001.B710---B502.Pradseq_23_004_detailed.log,16389,NS.LH00487_0017.001
AGCTCAT,S_23_01102,11286620,62987,534886,10688747,94.7%,1.4%,NS.LH00487_0017.001.B710---B502.Pradseq_23_004_detailed.log,597873,NS.LH00487_0017.001
CTGCGT,S_23_01103,11102020,51466,489280,10561274,95.1%,1.4%,NS.LH00487_0017.001.B710---B502.Pradseq_23_004_detailed.log,540746,NS.LH00487_0017.001
ACAATCGAG,S_23_01111,7408834,35451,372328,7001055,94.5%,0.9%,NS.LH00487_0017.001.B710---B502.Pradseq_23_004_detailed.log,407779,NS.LH00487_0017.001
CCTGAT,S_23_01120,4625252,33078,196769,4395405,95.0%,0.6%,NS.LH00487_0017.001.B710---B502.Pradseq_23_004_detailed.log,229847,NS.LH00487_0017.001
TCTTATTGCG,S_23_01145,12507262,38664,619912,11848686,94.7%,1.6%,NS.LH00487_0017.001.B710---B502.Pradseq_23_004_detailed.log,658576,NS.LH00487_0017.001
CAGAAGTGT,S_23_01153,8671872,56018,499161,8116693,93.6%,1.1%,NS.LH00487_0017.001.B710---B502.Pradseq_23_004_detailed.log,555179,NS.LH00487_0017.001
GCTGAAT,S_23_01167,6121234,65567,338699,5716968,93.4%,0.8%,NS.LH00487_0017.001.B710---B502.Pradseq_23_004_detailed.log,404266,NS.LH00487_0017.001
CTATTCGG,S_23_01168,8587056,24687,380393,8181976,95.3%,1.1%,NS.LH00487_0017.001.B710---B502.Pradseq_23_004_detailed.log,405080,NS.LH00487_0017.001
GTCCAATCAG,S_23_01173,7750628,18956,356914,7374758,95.2%,1.0%,NS.LH00487_0017.001.B710---B502.Pradseq_23_004_detailed.log,375870,NS.LH00487_0017.001
CGTAGCAT,S_23_01195,6822302,29780,309774,6482748,95.0%,0.9%,NS.LH00487_0017.001.B710---B502.Pradseq_23_004_detailed.log,339554,NS.LH00487_0017.001
CTAACAACGT,S_23_01202,28695774,76608,1443447,27175719,94.7%,3.7%,NS.LH00487_0017.001.B710---B502.Pradseq_23_004_detailed.log,1520055,NS.LH00487_0017.001
TGGCTCAAT,S_23_01206,7446546,83176,427178,6936192,93.1%,0.9%,NS.LH00487_0017.001.B710---B502.Pradseq_23_004_detailed.log,510354,NS.LH00487_0017.001
TTATAGCCG,S_23_01216,14152632,59228,685852,13407552,94.7%,1.8%,NS.LH00487_0017.001.B710---B502.Pradseq_23_004_detailed.log,745080,NS.LH00487_0017.001
CTCCGTTGT,S_23_01217,11625686,34159,565407,11026120,94.8%,1.5%,NS.LH00487_0017.001.B710---B502.Pradseq_23_004_detailed.log,599566,NS.LH00487_0017.001
TGGTTACG,S_23_01259,15971294,49248,683523,15238523,95.4%,2.1%,NS.LH00487_0017.001.B710---B502.Pradseq_23_004_detailed.log,732771,NS.LH00487_0017.001
TACTTGGAG,S_23_01271,3835212,9900,189851,3635461,94.8%,0.5%,NS.LH00487_0017.001.B710---B502.Pradseq_23_004_detailed.log,199751,NS.LH00487_0017.001
GGAAGTG,S_23_01277,13294388,80252,532958,12681178,95.4%,1.7%,NS.LH00487_0017.001.B710---B502.Pradseq_23_004_detailed.log,613210,NS.LH00487_0017.001
GAATCATTGG,S_23_01796,6293896,58676,421578,5813642,92.4%,0.8%,NS.LH00487_0017.001.B710---B502.Pradseq_23_004_detailed.log,480254,NS.LH00487_0017.001
CGTGTTGT,S_23_01798,10029082,81878,597868,9349336,93.2%,1.3%,NS.LH00487_0017.001.B710---B502.Pradseq_23_004_detailed.log,679746,NS.LH00487_0017.001
AGGAAGCT,S_23_01801,6558172,80008,440731,6037433,92.1%,0.8%,NS.LH00487_0017.001.B710---B502.Pradseq_23_004_detailed.log,520739,NS.LH00487_0017.001
TCTCCAGT,S_23_01802,9938554,32504,462206,9443844,95.0%,1.3%,NS.LH00487_0017.001.B710---B502.Pradseq_23_004_detailed.log,494710,NS.LH00487_0017.001
CCACATATTG,S_23_01804,16729096,126374,952068,15650654,93.6%,2.1%,NS.LH00487_0017.001.B710---B502.Pradseq_23_004_detailed.log,1078442,NS.LH00487_0017.001
CCTACTATGT,S_23_01822,439658,4573,23328,411757,93.7%,0.1%,NS.LH00487_0017.001.B710---B502.Pradseq_23_004_detailed.log,27901,NS.LH00487_0017.001
TTCGAGGAT,S_23_01844,3344524,9317,141328,3193879,95.5%,0.4%,NS.LH00487_0017.001.B710---B502.Pradseq_23_004_detailed.log,150645,NS.LH00487_0017.001
ATACCG,S_23_01847,14353802,45177,627757,13680868,95.3%,1.8%,NS.LH00487_0017.001.B710---B502.Pradseq_23_004_detailed.log,672934,NS.LH00487_0017.001
ATCCAAGCG,S_23_01851,6771936,54822,404186,6312928,93.2%,0.8%,NS.LH00487_0017.001.B710---B502.Pradseq_23_004_detailed.log,459008,NS.LH00487_0017.001
CTTAGG,S_23_01852,15321218,74089,660498,14586631,95.2%,2.0%,NS.LH00487_0017.001.B710---B502.Pradseq_23_004_detailed.log,734587,NS.LH00487_0017.001
TACCAGG,S_23_01854,651270,10356,30885,610029,93.7%,0.1%,NS.LH00487_0017.001.B710---B502.Pradseq_23_004_detailed.log,41241,NS.LH00487_0017.001
CTTGTG,S_23_01858,6870310,28283,291170,6550857,95.4%,0.9%,NS.LH00487_0017.001.B710---B502.Pradseq_23_004_detailed.log,319453,NS.LH00487_0017.001
GAACGTTAG,S_23_01859,7654968,33644,350267,7271057,95.0%,1.0%,NS.LH00487_0017.001.B710---B502.Pradseq_23_004_detailed.log,383911,NS.LH00487_0017.001
AAGCCT,S_23_01864,8198882,20786,316410,7861686,95.9%,1.1%,NS.LH00487_0017.001.B710---B502.Pradseq_23_004_detailed.log,337196,NS.LH00487_0017.001
CTGAACT,S_23_01865,3972552,16404,191041,3765107,94.8%,0.5%,NS.LH00487_0017.001.B710---B502.Pradseq_23_004_detailed.log,207445,NS.LH00487_0017.001
CATAGT,S_23_01871,6830644,39168,274095,6517381,95.4%,0.9%,NS.LH00487_0017.001.B710---B502.Pradseq_23_004_detailed.log,313263,NS.LH00487_0017.001
CGTTACTTGG,S_23_01893,2759536,16270,164230,2579036,93.5%,0.3%,NS.LH00487_0017.001.B710---B502.Pradseq_23_004_detailed.log,180500,NS.LH00487_0017.001
AACAGG,S_23_01894,11912946,23368,438714,11450864,96.1%,1.5%,NS.LH00487_0017.001.B710---B502.Pradseq_23_004_detailed.log,462082,NS.LH00487_0017.001
CGGACT,S_23_01905,13094994,65122,602871,12427001,94.9%,1.7%,NS.LH00487_0017.001.B710---B502.Pradseq_23_004_detailed.log,667993,NS.LH00487_0017.001
GACGAT,S_23_01912,5901662,31361,265980,5604321,95.0%,0.8%,NS.LH00487_0017.001.B710---B502.Pradseq_23_004_detailed.log,297341,NS.LH00487_0017.001
CGCCAATGT,S_23_01920,1363804,14022,97590,1252192,91.8%,0.2%,NS.LH00487_0017.001.B710---B502.Pradseq_23_004_detailed.log,111612,NS.LH00487_0017.001
TACAGAGG,S_23_01923,8053214,66091,442173,7544950,93.7%,1.0%,NS.LH00487_0017.001.B710---B502.Pradseq_23_004_detailed.log,508264,NS.LH00487_0017.001
AACGATGGT,S_23_01927,6048000,52390,397257,5598353,92.6%,0.8%,NS.LH00487_0017.001.B710---B502.Pradseq_23_004_detailed.log,449647,NS.LH00487_0017.001
GCGACT,S_23_01928,10641408,96694,582809,9961905,93.6%,1.3%,NS.LH00487_0017.001.B710---B502.Pradseq_23_004_detailed.log,679503,NS.LH00487_0017.001
AAGTGG,S_23_01999,13022166,124528,735106,12162532,93.4%,1.6%,NS.LH00487_0017.001.B710---B502.Pradseq_23_004_detailed.log,859634,NS.LH00487_0017.001
TACGTGCGAT,S_23_02008,9161788,31202,453874,8676712,94.7%,1.2%,NS.LH00487_0017.001.B710---B502.Pradseq_23_004_detailed.log,485076,NS.LH00487_0017.001
AGCTAG,S_23_02016,2257532,23314,106263,2127955,94.3%,0.3%,NS.LH00487_0017.001.B710---B502.Pradseq_23_004_detailed.log,129577,NS.LH00487_0017.001
CATGAG,S_23_02019,4937948,45007,236731,4656210,94.3%,0.6%,NS.LH00487_0017.001.B710---B502.Pradseq_23_004_detailed.log,281738,NS.LH00487_0017.001
GAACTCGT,S_23_02029,7553744,49003,444960,7059781,93.5%,0.9%,NS.LH00487_0017.001.B710---B502.Pradseq_23_004_detailed.log,493963,NS.LH00487_0017.001
TACTCGGAT,S_23_02030,642018,12629,51461,577928,90.0%,0.1%,NS.LH00487_0017.001.B710---B502.Pradseq_23_004_detailed.log,64090,NS.LH00487_0017.001
TGCACTTG,S_23_02033,7981744,50259,399838,7531647,94.4%,1.0%,NS.LH00487_0017.001.B710---B502.Pradseq_23_004_detailed.log,450097,NS.LH00487_0017.001
CTTAGAG,S_23_02034,9506578,36385,509672,8960521,94.3%,1.2%,NS.LH00487_0017.001.B710---B502.Pradseq_23_004_detailed.log,546057,NS.LH00487_0017.001
CCATGT,S_23_02039,327568,11812,15006,300750,91.8%,0.0%,NS.LH00487_0017.001.B710---B502.Pradseq_23_004_detailed.log,26818,NS.LH00487_0017.001
AGGAGGT,S_23_02043,1227574,13284,47884,1166406,95.0%,0.2%,NS.LH00487_0017.001.B710---B502.Pradseq_23_004_detailed.log,61168,NS.LH00487_0017.001
TACTCCGT,S_23_02045,875456,13531,34341,827584,94.5%,0.1%,NS.LH00487_0017.001.B710---B502.Pradseq_23_004_detailed.log,47872,NS.LH00487_0017.001
TGGTTCT,S_23_02056,1674912,21325,90719,1562868,93.3%,0.2%,NS.LH00487_0017.001.B710---B502.Pradseq_23_004_detailed.log,112044,NS.LH00487_0017.001
GTCGAAT,S_23_02058,356352,5923,16228,334201,93.8%,0.0%,NS.LH00487_0017.001.B710---B502.Pradseq_23_004_detailed.log,22151,NS.LH00487_0017.001
GGTACCAT,S_23_02062,351648,2249,12975,336424,95.7%,0.0%,NS.LH00487_0017.001.B710---B502.Pradseq_23_004_detailed.log,15224,NS.LH00487_0017.001
ATAGACG,S_23_02068,130106,1374,5077,123655,95.0%,0.0%,NS.LH00487_0017.001.B710---B502.Pradseq_23_004_detailed.log,6451,NS.LH00487_0017.001
GCGTTGAT,S_23_02080,19764764,102600,905073,18757091,94.9%,2.5%,NS.LH00487_0017.001.B710---B502.Pradseq_23_004_detailed.log,1007673,NS.LH00487_0017.001
TTGAGT,S_23_02090,4181102,66399,329955,3784748,90.5%,0.5%,NS.LH00487_0017.001.B710---B502.Pradseq_23_004_detailed.log,396354,NS.LH00487_0017.001
TACGTCAGCT,S_23_02102,9796746,23949,467738,9305059,95.0%,1.3%,NS.LH00487_0017.001.B710---B502.Pradseq_23_004_detailed.log,491687,NS.LH00487_0017.001
TTGCTCCT,S_23_02113,16276914,47016,724509,15505389,95.3%,2.1%,NS.LH00487_0017.001.B710---B502.Pradseq_23_004_detailed.log,771525,NS.LH00487_0017.001
GTTCGT,S_23_02115,10847000,53236,470138,10323626,95.2%,1.4%,NS.LH00487_0017.001.B710---B502.Pradseq_23_004_detailed.log,523374,NS.LH00487_0017.001
ACGAAG,S_23_02117,9309582,65641,379341,8864600,95.2%,1.2%,NS.LH00487_0017.001.B710---B502.Pradseq_23_004_detailed.log,444982,NS.LH00487_0017.001
ATGTGT,S_23_02124,24103800,71463,1014743,23017594,95.5%,3.1%,NS.LH00487_0017.001.B710---B502.Pradseq_23_004_detailed.log,1086206,NS.LH00487_0017.001
TCGGATATCT,S_23_02139,16475766,26279,734844,15714643,95.4%,2.1%,NS.LH00487_0017.001.B710---B502.Pradseq_23_004_detailed.log,761123,NS.LH00487_0017.001
GTTCCG,S_23_02147,8251658,35937,364116,7851605,95.2%,1.1%,NS.LH00487_0017.001.B710---B502.Pradseq_23_004_detailed.log,400053,NS.LH00487_0017.001
GTCACGCCAT,S_23_02161_rep,10790192,33229,538853,10218110,94.7%,1.4%,NS.LH00487_0017.001.B710---B502.Pradseq_23_004_detailed.log,572082,NS.LH00487_0017.001
ACGGAGT,S_23_02167,10383992,93206,597145,9693641,93.4%,1.3%,NS.LH00487_0017.001.B710---B502.Pradseq_23_004_detailed.log,690351,NS.LH00487_0017.001
AAGACG,S_23_02168,7928020,52604,356579,7518837,94.8%,1.0%,NS.LH00487_0017.001.B710---B502.Pradseq_23_004_detailed.log,409183,NS.LH00487_0017.001
GAATGCTCT,S_23_02173,4275192,18979,216795,4039418,94.5%,0.5%,NS.LH00487_0017.001.B710---B502.Pradseq_23_004_detailed.log,235774,NS.LH00487_0017.001
TGACGTGGAT,S_23_02175,8392034,17152,420163,7954719,94.8%,1.1%,NS.LH00487_0017.001.B710---B502.Pradseq_23_004_detailed.log,437315,NS.LH00487_0017.001
AGTCACTG,S_23_02191,4010672,56202,219757,3734713,93.1%,0.5%,NS.LH00487_0017.001.B710---B502.Pradseq_23_004_detailed.log,275959,NS.LH00487_0017.001
TGAAGG,S_23_02192,12482286,128025,589098,11765163,94.3%,1.6%,NS.LH00487_0017.001.B710---B502.Pradseq_23_004_detailed.log,717123,NS.LH00487_0017.001
TCATGAACAG,S_23_02202,3517920,29807,199170,3288943,93.5%,0.4%,NS.LH00487_0017.001.B710---B502.Pradseq_23_004_detailed.log,228977,NS.LH00487_0017.001
CAATACG,S_23_02208,6219194,98433,379590,5741171,92.3%,0.8%,NS.LH00487_0017.001.B710---B502.Pradseq_23_004_detailed.log,478023,NS.LH00487_0017.001
TGTTACCG,S_23_02245,9678224,63287,499929,9115008,94.2%,1.2%,NS.LH00487_0017.001.B710---B502.Pradseq_23_004_detailed.log,563216,NS.LH00487_0017.001
ACGTGTAG,S_23_02267,10080440,39303,517733,9523404,94.5%,1.3%,NS.LH00487_0017.001.B710---B502.Pradseq_23_004_detailed.log,557036,NS.LH00487_0017.001
ATCTGTCAGG,S_23_00985,6556230,24994,507596,6023640,91.9%,0.8%,NS.LH00487_0017.001.B711---B503.Pradseq_23_005_detailed.log,532590,NS.LH00487_0017.001
TCGGTTGT,S_23_00986,8717996,17509,638961,8061526,92.5%,1.0%,NS.LH00487_0017.001.B711---B503.Pradseq_23_005_detailed.log,656470,NS.LH00487_0017.001
ACACCGT,S_23_00991,11243372,64353,839086,10339933,92.0%,1.3%,NS.LH00487_0017.001.B711---B503.Pradseq_23_005_detailed.log,903439,NS.LH00487_0017.001
GACACT,S_23_00992,11695678,64240,973354,10658084,91.1%,1.4%,NS.LH00487_0017.001.B711---B503.Pradseq_23_005_detailed.log,1037594,NS.LH00487_0017.001
GTAAGCGTG,S_23_00993,6371974,25097,490412,5856465,91.9%,0.7%,NS.LH00487_0017.001.B711---B503.Pradseq_23_005_detailed.log,515509,NS.LH00487_0017.001
ATAGACAGAG,S_23_01001,4837766,21983,398175,4417608,91.3%,0.6%,NS.LH00487_0017.001.B711---B503.Pradseq_23_005_detailed.log,420158,NS.LH00487_0017.001
TCCAAGGT,S_23_01002,6774550,27511,485152,6261887,92.4%,0.8%,NS.LH00487_0017.001.B711---B503.Pradseq_23_005_detailed.log,512663,NS.LH00487_0017.001
ATTGGTACAG,S_23_01043,9031472,46111,625782,8359579,92.6%,1.1%,NS.LH00487_0017.001.B711---B503.Pradseq_23_005_detailed.log,671893,NS.LH00487_0017.001
TATTCCGAGT,S_23_01056,8166532,57770,582083,7526679,92.2%,1.0%,NS.LH00487_0017.001.B711---B503.Pradseq_23_005_detailed.log,639853,NS.LH00487_0017.001
TTCCTGGT,S_23_01065,10669164,38382,850521,9780261,91.7%,1.2%,NS.LH00487_0017.001.B711---B503.Pradseq_23_005_detailed.log,888903,NS.LH00487_0017.001
AGTCGGCTGT,S_23_01074,70,5,18,47,67.1%,0.0%,NS.LH00487_0017.001.B711---B503.Pradseq_23_005_detailed.log,23,NS.LH00487_0017.001
AGGCAGAT,S_23_01076,9840176,20816,759629,9059731,92.1%,1.2%,NS.LH00487_0017.001.B711---B503.Pradseq_23_005_detailed.log,780445,NS.LH00487_0017.001
CTGGTCACGT,S_23_01094,2969450,6861,184959,2777630,93.5%,0.4%,NS.LH00487_0017.001.B711---B503.Pradseq_23_005_detailed.log,191820,NS.LH00487_0017.001
TGGAAG,S_23_01095,1354176,11562,72586,1270028,93.8%,0.2%,NS.LH00487_0017.001.B711---B503.Pradseq_23_005_detailed.log,84148,NS.LH00487_0017.001
GGCTAT,S_23_01122,11606946,26994,881777,10698175,92.2%,1.4%,NS.LH00487_0017.001.B711---B503.Pradseq_23_005_detailed.log,908771,NS.LH00487_0017.001
TTGACGG,S_23_01123,11482760,33592,856270,10592898,92.3%,1.3%,NS.LH00487_0017.001.B711---B503.Pradseq_23_005_detailed.log,889862,NS.LH00487_0017.001
GGTAGT,S_23_01124,7525602,36658,550322,6938622,92.2%,0.9%,NS.LH00487_0017.001.B711---B503.Pradseq_23_005_detailed.log,586980,NS.LH00487_0017.001
TACGGTG,S_23_01125,2944978,9746,191459,2743773,93.2%,0.3%,NS.LH00487_0017.001.B711---B503.Pradseq_23_005_detailed.log,201205,NS.LH00487_0017.001
AGAATGG,S_23_01147,9573134,44485,810597,8718052,91.1%,1.1%,NS.LH00487_0017.001.B711---B503.Pradseq_23_005_detailed.log,855082,NS.LH00487_0017.001
AATCGAGG,S_23_01148,3893768,22454,370268,3501046,89.9%,0.4%,NS.LH00487_0017.001.B711---B503.Pradseq_23_005_detailed.log,392722,NS.LH00487_0017.001
ATATGCGGT,S_23_01160,9792948,75326,995624,8721998,89.1%,1.1%,NS.LH00487_0017.001.B711---B503.Pradseq_23_005_detailed.log,1070950,NS.LH00487_0017.001
CGTGGACAAT,S_23_01193,6761998,23164,638865,6099969,90.2%,0.8%,NS.LH00487_0017.001.B711---B503.Pradseq_23_005_detailed.log,662029,NS.LH00487_0017.001
ACCTTG,S_23_01208,17207650,112811,1379704,15715135,91.3%,2.0%,NS.LH00487_0017.001.B711---B503.Pradseq_23_005_detailed.log,1492515,NS.LH00487_0017.001
CCGTTAG,S_23_01209,15443780,43497,1107231,14293052,92.5%,1.8%,NS.LH00487_0017.001.B711---B503.Pradseq_23_005_detailed.log,1150728,NS.LH00487_0017.001
AGTTAGG,S_23_01218,21132858,37406,1532406,19563046,92.6%,2.5%,NS.LH00487_0017.001.B711---B503.Pradseq_23_005_detailed.log,1569812,NS.LH00487_0017.001
GACAGTAGTG,S_23_01219,5595790,37010,542959,5015821,89.6%,0.6%,NS.LH00487_0017.001.B711---B503.Pradseq_23_005_detailed.log,579969,NS.LH00487_0017.001
GTGAGAAG,S_23_01222,9399868,28965,699028,8671875,92.3%,1.1%,NS.LH00487_0017.001.B711---B503.Pradseq_23_005_detailed.log,727993,NS.LH00487_0017.001
GAACATG,S_23_01254,7578530,29337,560697,6988496,92.2%,0.9%,NS.LH00487_0017.001.B711---B503.Pradseq_23_005_detailed.log,590034,NS.LH00487_0017.001
CTGTACCT,S_23_01260,10440844,54935,892628,9493281,90.9%,1.2%,NS.LH00487_0017.001.B711---B503.Pradseq_23_005_detailed.log,947563,NS.LH00487_0017.001
GTACCATGG,S_23_01262,12473988,37771,953707,11482510,92.1%,1.5%,NS.LH00487_0017.001.B711---B503.Pradseq_23_005_detailed.log,991478,NS.LH00487_0017.001
CCACAGCCAT,S_23_01797,6516452,32204,611632,5872616,90.1%,0.7%,NS.LH00487_0017.001.B711---B503.Pradseq_23_005_detailed.log,643836,NS.LH00487_0017.001
ACGTACTG,S_23_01809,15269244,28993,1137121,14103130,92.4%,1.8%,NS.LH00487_0017.001.B711---B503.Pradseq_23_005_detailed.log,1166114,NS.LH00487_0017.001
CACGCTTAG,S_23_01815,11979438,21072,866656,11091710,92.6%,1.4%,NS.LH00487_0017.001.B711---B503.Pradseq_23_005_detailed.log,887728,NS.LH00487_0017.001
GCATACGGAG,S_23_01818,8183282,48804,740789,7393689,90.4%,0.9%,NS.LH00487_0017.001.B711---B503.Pradseq_23_005_detailed.log,789593,NS.LH00487_0017.001
CACGAGCTTG,S_23_01819,8694442,20929,762411,7911102,91.0%,1.0%,NS.LH00487_0017.001.B711---B503.Pradseq_23_005_detailed.log,783340,NS.LH00487_0017.001
ATCCGTATCG,S_23_01848,7467626,25916,615965,6825745,91.4%,0.9%,NS.LH00487_0017.001.B711---B503.Pradseq_23_005_detailed.log,641881,NS.LH00487_0017.001
TTAGGTCAG,S_23_01853,2296710,16591,223344,2056775,89.6%,0.3%,NS.LH00487_0017.001.B711---B503.Pradseq_23_005_detailed.log,239935,NS.LH00487_0017.001
CTCAGCGTAG,S_23_01873,10582968,26931,893059,9662978,91.3%,1.2%,NS.LH00487_0017.001.B711---B503.Pradseq_23_005_detailed.log,919990,NS.LH00487_0017.001
CGTCTACT,S_23_01890,6508704,33949,697075,5777680,88.8%,0.7%,NS.LH00487_0017.001.B711---B503.Pradseq_23_005_detailed.log,731024,NS.LH00487_0017.001
ACTATCCG,S_23_01892,878228,12089,96304,769835,87.7%,0.1%,NS.LH00487_0017.001.B711---B503.Pradseq_23_005_detailed.log,108393,NS.LH00487_0017.001
GATGGAT,S_23_01895,7147874,38649,610023,6499202,90.9%,0.8%,NS.LH00487_0017.001.B711---B503.Pradseq_23_005_detailed.log,648672,NS.LH00487_0017.001
TTCATATCGG,S_23_01904,12665204,52148,1000300,11612756,91.7%,1.5%,NS.LH00487_0017.001.B711---B503.Pradseq_23_005_detailed.log,1052448,NS.LH00487_0017.001
GTACCACGT,S_23_01908,5595392,33485,554156,5007751,89.5%,0.6%,NS.LH00487_0017.001.B711---B503.Pradseq_23_005_detailed.log,587641,NS.LH00487_0017.001
GAAGGCTACG,S_23_01921,5610372,14313,505374,5090685,90.7%,0.6%,NS.LH00487_0017.001.B711---B503.Pradseq_23_005_detailed.log,519687,NS.LH00487_0017.001
CTCTTATACG,S_23_02001,8576024,26834,754336,7794854,90.9%,1.0%,NS.LH00487_0017.001.B711---B503.Pradseq_23_005_detailed.log,781170,NS.LH00487_0017.001
ATCAGT,S_23_02003,2257954,73951,160473,2023530,89.6%,0.3%,NS.LH00487_0017.001.B711---B503.Pradseq_23_005_detailed.log,234424,NS.LH00487_0017.001
CATCACGT,S_23_02004,5319258,36652,581115,4701491,88.4%,0.6%,NS.LH00487_0017.001.B711---B503.Pradseq_23_005_detailed.log,617767,NS.LH00487_0017.001
GGTTAGCT,S_23_02009,10773180,61996,1069015,9642169,89.5%,1.2%,NS.LH00487_0017.001.B711---B503.Pradseq_23_005_detailed.log,1131011,NS.LH00487_0017.001
TCCATAAGG,S_23_02012,137548,2160,9957,125431,91.2%,0.0%,NS.LH00487_0017.001.B711---B503.Pradseq_23_005_detailed.log,12117,NS.LH00487_0017.001
GCAAGT,S_23_02013,697252,17996,50970,628286,90.1%,0.1%,NS.LH00487_0017.001.B711---B503.Pradseq_23_005_detailed.log,68966,NS.LH00487_0017.001
CTGTTG,S_23_02018,1393436,15430,101116,1276890,91.6%,0.2%,NS.LH00487_0017.001.B711---B503.Pradseq_23_005_detailed.log,116546,NS.LH00487_0017.001
GGTCAT,S_23_02020,5809088,28741,501524,5278823,90.9%,0.7%,NS.LH00487_0017.001.B711---B503.Pradseq_23_005_detailed.log,530265,NS.LH00487_0017.001
GGACATACG,S_23_02024,1969086,14839,207974,1746273,88.7%,0.2%,NS.LH00487_0017.001.B711---B503.Pradseq_23_005_detailed.log,222813,NS.LH00487_0017.001
GAATCTGTCT,S_23_02038,77014,1745,5275,69994,90.9%,0.0%,NS.LH00487_0017.001.B711---B503.Pradseq_23_005_detailed.log,7020,NS.LH00487_0017.001
ACGAGT,S_23_02047,1335464,14851,102083,1218530,91.2%,0.2%,NS.LH00487_0017.001.B711---B503.Pradseq_23_005_detailed.log,116934,NS.LH00487_0017.001
CGAGGATGT,S_23_02049,8072,2993,909,4170,51.7%,0.0%,NS.LH00487_0017.001.B711---B503.Pradseq_23_005_detailed.log,3902,NS.LH00487_0017.001
TGGATAACG,S_23_02065,1722144,6444,99002,1616698,93.9%,0.2%,NS.LH00487_0017.001.B711---B503.Pradseq_23_005_detailed.log,105446,NS.LH00487_0017.001
GTCTTAG,S_23_02089,2617026,25784,405702,2185540,83.5%,0.3%,NS.LH00487_0017.001.B711---B503.Pradseq_23_005_detailed.log,431486,NS.LH00487_0017.001
AGAAGCCAT,S_23_02095,12873466,108390,1429612,11335464,88.1%,1.4%,NS.LH00487_0017.001.B711---B503.Pradseq_23_005_detailed.log,1538002,NS.LH00487_0017.001
TGTCGAT,S_23_02097,445040,8114,36992,399934,89.9%,0.1%,NS.LH00487_0017.001.B711---B503.Pradseq_23_005_detailed.log,45106,NS.LH00487_0017.001
CTCTGAGT,S_23_02098,6536916,25506,547176,5964234,91.2%,0.8%,NS.LH00487_0017.001.B711---B503.Pradseq_23_005_detailed.log,572682,NS.LH00487_0017.001
TCCGTACTG,S_23_02104,22665500,80260,1831004,20754236,91.6%,2.6%,NS.LH00487_0017.001.B711---B503.Pradseq_23_005_detailed.log,1911264,NS.LH00487_0017.001
TGAAGCACTG,S_23_02108,8566930,29881,707741,7829308,91.4%,1.0%,NS.LH00487_0017.001.B711---B503.Pradseq_23_005_detailed.log,737622,NS.LH00487_0017.001
CGTGAAG,S_23_02110,7237600,16911,520895,6699794,92.6%,0.9%,NS.LH00487_0017.001.B711---B503.Pradseq_23_005_detailed.log,537806,NS.LH00487_0017.001
TGTCAACCT,S_23_02112,13854086,50169,1177855,12626062,91.1%,1.6%,NS.LH00487_0017.001.B711---B503.Pradseq_23_005_detailed.log,1228024,NS.LH00487_0017.001
TCAGTACG,S_23_02125_rep,20592580,90124,1676640,18825816,91.4%,2.4%,NS.LH00487_0017.001.B711---B503.Pradseq_23_005_detailed.log,1766764,NS.LH00487_0017.001
GAGATG,S_23_02127,10483052,30911,783043,9669098,92.2%,1.2%,NS.LH00487_0017.001.B711---B503.Pradseq_23_005_detailed.log,813954,NS.LH00487_0017.001
AGTTGAACAG,S_23_02131,8504310,43060,753130,7708120,90.6%,1.0%,NS.LH00487_0017.001.B711---B503.Pradseq_23_005_detailed.log,796190,NS.LH00487_0017.001
TTCCAG,S_23_02132,11827258,77234,1026658,10723366,90.7%,1.4%,NS.LH00487_0017.001.B711---B503.Pradseq_23_005_detailed.log,1103892,NS.LH00487_0017.001
TCGATAGTAG,S_23_02134,12394854,80059,1199299,11115496,89.7%,1.4%,NS.LH00487_0017.001.B711---B503.Pradseq_23_005_detailed.log,1279358,NS.LH00487_0017.001
ATCTTACGAG,S_23_02135,28750346,145930,2457617,26146799,90.9%,3.3%,NS.LH00487_0017.001.B711---B503.Pradseq_23_005_detailed.log,2603547,NS.LH00487_0017.001
CTATATGAGG,S_23_02141,11646578,38660,903764,10704154,91.9%,1.4%,NS.LH00487_0017.001.B711---B503.Pradseq_23_005_detailed.log,942424,NS.LH00487_0017.001
TGCACAG,S_23_02145,9453202,31152,791031,8631019,91.3%,1.1%,NS.LH00487_0017.001.B711---B503.Pradseq_23_005_detailed.log,822183,NS.LH00487_0017.001
CCATTCAGT,S_23_02149,12529674,26025,936650,11566999,92.3%,1.5%,NS.LH00487_0017.001.B711---B503.Pradseq_23_005_detailed.log,962675,NS.LH00487_0017.001
CCTTGAGCTG,S_23_02151,13854256,85491,1420618,12348147,89.1%,1.6%,NS.LH00487_0017.001.B711---B503.Pradseq_23_005_detailed.log,1506109,NS.LH00487_0017.001
TCTCTTG,S_23_02155,12613784,26892,950665,11636227,92.3%,1.5%,NS.LH00487_0017.001.B711---B503.Pradseq_23_005_detailed.log,977557,NS.LH00487_0017.001
CTCCAACTG,S_23_02160,15618378,55872,1361760,14200746,90.9%,1.8%,NS.LH00487_0017.001.B711---B503.Pradseq_23_005_detailed.log,1417632,NS.LH00487_0017.001
TACCGTCAT,S_23_02162,13184624,42539,1075405,12066680,91.5%,1.5%,NS.LH00487_0017.001.B711---B503.Pradseq_23_005_detailed.log,1117944,NS.LH00487_0017.001
GCCAGGACAT,S_23_02174,9980944,21850,854428,9104666,91.2%,1.2%,NS.LH00487_0017.001.B711---B503.Pradseq_23_005_detailed.log,876278,NS.LH00487_0017.001
CTATCACCG,S_23_02186,5264768,40774,465752,4758242,90.4%,0.6%,NS.LH00487_0017.001.B711---B503.Pradseq_23_005_detailed.log,506526,NS.LH00487_0017.001
ACCGAT,S_23_02197,3566276,80057,439912,3046307,85.4%,0.4%,NS.LH00487_0017.001.B711---B503.Pradseq_23_005_detailed.log,519969,NS.LH00487_0017.001
GCATTCCT,S_23_02198,9325832,82599,802984,8440249,90.5%,1.1%,NS.LH00487_0017.001.B711---B503.Pradseq_23_005_detailed.log,885583,NS.LH00487_0017.001
TCTTGG,S_23_02213,8446634,65834,810298,7570502,89.6%,1.0%,NS.LH00487_0017.001.B711---B503.Pradseq_23_005_detailed.log,876132,NS.LH00487_0017.001
TGCATG,S_23_02217,5166672,70001,586397,4510274,87.3%,0.6%,NS.LH00487_0017.001.B711---B503.Pradseq_23_005_detailed.log,656398,NS.LH00487_0017.001
GTCCACT,S_23_02218,8257038,68871,773832,7414335,89.8%,0.9%,NS.LH00487_0017.001.B711---B503.Pradseq_23_005_detailed.log,842703,NS.LH00487_0017.001
CCATCCATG,S_23_02238,5886668,48316,613780,5224572,88.8%,0.7%,NS.LH00487_0017.001.B711---B503.Pradseq_23_005_detailed.log,662096,NS.LH00487_0017.001
AGACTCT,S_23_02240,18976730,139898,1714626,17122206,90.2%,2.2%,NS.LH00487_0017.001.B711---B503.Pradseq_23_005_detailed.log,1854524,NS.LH00487_0017.001
GTAGGT,S_23_02247,7084694,71126,715480,6298088,88.9%,0.8%,NS.LH00487_0017.001.B711---B503.Pradseq_23_005_detailed.log,786606,NS.LH00487_0017.001
CCGAATG,S_23_02258,6766256,43602,623504,6099150,90.1%,0.8%,NS.LH00487_0017.001.B711---B503.Pradseq_23_005_detailed.log,667106,NS.LH00487_0017.001
AACCACGCT,S_23_02260,14235970,60331,1209158,12966481,91.1%,1.6%,NS.LH00487_0017.001.B711---B503.Pradseq_23_005_detailed.log,1269489,NS.LH00487_0017.001
GTGCAT,S_23_02263,7842062,48910,739642,7053510,89.9%,0.9%,NS.LH00487_0017.001.B711---B503.Pradseq_23_005_detailed.log,788552,NS.LH00487_0017.001
GTCGTCAGTG,S_23_02268,6078688,44939,612680,5421069,89.2%,0.7%,NS.LH00487_0017.001.B711---B503.Pradseq_23_005_detailed.log,657619,NS.LH00487_0017.001
GCCTATCT,S_23_02270,482648,12347,47084,423217,87.7%,0.1%,NS.LH00487_0017.001.B711---B503.Pradseq_23_005_detailed.log,59431,NS.LH00487_0017.001
TGAGGCT,S_23_00980,8474688,45708,998014,7430966,87.7%,0.9%,NS.LH00487_0017.001.B711---B504.Pradseq_23_006_detailed.log,1043722,NS.LH00487_0017.001
AGTGTAACCT,S_23_00981,8985232,25747,875085,8084400,90.0%,0.9%,NS.LH00487_0017.001.B711---B504.Pradseq_23_006_detailed.log,900832,NS.LH00487_0017.001
AGATGCAGG,S_23_00994,16494082,99521,1742439,14652122,88.8%,1.7%,NS.LH00487_0017.001.B711---B504.Pradseq_23_006_detailed.log,1841960,NS.LH00487_0017.001
ACATACCAG,S_23_01006,14248686,53395,1417229,12778062,89.7%,1.5%,NS.LH00487_0017.001.B711---B504.Pradseq_23_006_detailed.log,1470624,NS.LH00487_0017.001
TCCTATCTG,S_23_01007,13820636,40562,1486385,12293689,89.0%,1.4%,NS.LH00487_0017.001.B711---B504.Pradseq_23_006_detailed.log,1526947,NS.LH00487_0017.001
GATTGCGT,S_23_01012,4335892,12106,407593,3916193,90.3%,0.5%,NS.LH00487_0017.001.B711---B504.Pradseq_23_006_detailed.log,419699,NS.LH00487_0017.001
GAATCG,S_23_01013,12292064,76989,1550868,10664207,86.8%,1.2%,NS.LH00487_0017.001.B711---B504.Pradseq_23_006_detailed.log,1627857,NS.LH00487_0017.001
ACGCAT,S_23_01050,5506482,17010,405342,5084130,92.3%,0.6%,NS.LH00487_0017.001.B711---B504.Pradseq_23_006_detailed.log,422352,NS.LH00487_0017.001
AATGCG,S_23_01060,19207504,85815,1934380,17187309,89.5%,2.0%,NS.LH00487_0017.001.B711---B504.Pradseq_23_006_detailed.log,2020195,NS.LH00487_0017.001
ACCTCTGT,S_23_01069,45984,761,2919,42304,92.0%,0.0%,NS.LH00487_0017.001.B711---B504.Pradseq_23_006_detailed.log,3680,NS.LH00487_0017.001
TCAGAG,S_23_01070,4783914,7602,429646,4346666,90.9%,0.5%,NS.LH00487_0017.001.B711---B504.Pradseq_23_006_detailed.log,437248,NS.LH00487_0017.001
ATGGAG,S_23_01078,6850104,20695,720019,6109390,89.2%,0.7%,NS.LH00487_0017.001.B711---B504.Pradseq_23_006_detailed.log,740714,NS.LH00487_0017.001
CGACTCAACT,S_23_01096,16393658,27158,1521957,14844543,90.6%,1.7%,NS.LH00487_0017.001.B711---B504.Pradseq_23_006_detailed.log,1549115,NS.LH00487_0017.001
AACTCCTGG,S_23_01117,4271060,20366,585441,3665253,85.8%,0.4%,NS.LH00487_0017.001.B711---B504.Pradseq_23_006_detailed.log,605807,NS.LH00487_0017.001
TTACCGCT,S_23_01126,9930272,40707,1192593,8696972,87.6%,1.0%,NS.LH00487_0017.001.B711---B504.Pradseq_23_006_detailed.log,1233300,NS.LH00487_0017.001
TGATGAG,S_23_01128,6764910,39477,816345,5909088,87.3%,0.7%,NS.LH00487_0017.001.B711---B504.Pradseq_23_006_detailed.log,855822,NS.LH00487_0017.001
AACCGCTTG,S_23_01144,10746864,54678,1349488,9342698,86.9%,1.1%,NS.LH00487_0017.001.B711---B504.Pradseq_23_006_detailed.log,1404166,NS.LH00487_0017.001
ATAAGCACG,S_23_01149,10540372,35950,1126947,9377475,89.0%,1.1%,NS.LH00487_0017.001.B711---B504.Pradseq_23_006_detailed.log,1162897,NS.LH00487_0017.001
CGGTAAGT,S_23_01157,16632642,63898,2009912,14558832,87.5%,1.7%,NS.LH00487_0017.001.B711---B504.Pradseq_23_006_detailed.log,2073810,NS.LH00487_0017.001
GACGCTAT,S_23_01162,14582688,29708,1468834,13084146,89.7%,1.5%,NS.LH00487_0017.001.B711---B504.Pradseq_23_006_detailed.log,1498542,NS.LH00487_0017.001
CATCGTAG,S_23_01164,11619312,38194,1294720,10286398,88.5%,1.2%,NS.LH00487_0017.001.B711---B504.Pradseq_23_006_detailed.log,1332914,NS.LH00487_0017.001
GTACAACG,S_23_01169,13735542,42594,1409945,12283003,89.4%,1.4%,NS.LH00487_0017.001.B711---B504.Pradseq_23_006_detailed.log,1452539,NS.LH00487_0017.001
CGAGTATG,S_23_01170,12438134,22755,1149062,11266317,90.6%,1.3%,NS.LH00487_0017.001.B711---B504.Pradseq_23_006_detailed.log,1171817,NS.LH00487_0017.001
CCTTGAAG,S_23_01172,9385276,26282,987831,8371163,89.2%,1.0%,NS.LH00487_0017.001.B711---B504.Pradseq_23_006_detailed.log,1014113,NS.LH00487_0017.001
TCGTGACT,S_23_01178,9229948,25588,993681,8210679,89.0%,1.0%,NS.LH00487_0017.001.B711---B504.Pradseq_23_006_detailed.log,1019269,NS.LH00487_0017.001
AGAACAGTG,S_23_01194,9018432,54874,1261030,7702528,85.4%,0.9%,NS.LH00487_0017.001.B711---B504.Pradseq_23_006_detailed.log,1315904,NS.LH00487_0017.001
ATCGCAAG,S_23_01214,12521064,58540,1474605,10987919,87.8%,1.3%,NS.LH00487_0017.001.B711---B504.Pradseq_23_006_detailed.log,1533145,NS.LH00487_0017.001
GTACTACCT,S_23_01227,7991326,14957,630425,7345944,91.9%,0.9%,NS.LH00487_0017.001.B711---B504.Pradseq_23_006_detailed.log,645382,NS.LH00487_0017.001
AATGACG,S_23_01249,11529056,102127,1375785,10051144,87.2%,1.2%,NS.LH00487_0017.001.B711---B504.Pradseq_23_006_detailed.log,1477912,NS.LH00487_0017.001
TTACACGG,S_23_01250,6802104,19704,691154,6091246,89.5%,0.7%,NS.LH00487_0017.001.B711---B504.Pradseq_23_006_detailed.log,710858,NS.LH00487_0017.001
AGTCTAG,S_23_01251,16032776,34293,1591198,14407285,89.9%,1.7%,NS.LH00487_0017.001.B711---B504.Pradseq_23_006_detailed.log,1625491,NS.LH00487_0017.001
TGTGTG,S_23_01256,8570892,33099,868764,7669029,89.5%,0.9%,NS.LH00487_0017.001.B711---B504.Pradseq_23_006_detailed.log,901863,NS.LH00487_0017.001
CAATGTCGT,S_23_01265,5910332,12727,570834,5326771,90.1%,0.6%,NS.LH00487_0017.001.B711---B504.Pradseq_23_006_detailed.log,583561,NS.LH00487_0017.001
GTATGCG,S_23_01266,7019798,73510,798420,6147868,87.6%,0.7%,NS.LH00487_0017.001.B711---B504.Pradseq_23_006_detailed.log,871930,NS.LH00487_0017.001
GACCGAACCT,S_23_01270,8388406,14604,826963,7546839,90.0%,0.9%,NS.LH00487_0017.001.B711---B504.Pradseq_23_006_detailed.log,841567,NS.LH00487_0017.001
GGTAGGAT,S_23_01272,10828288,23954,1077614,9726720,89.8%,1.1%,NS.LH00487_0017.001.B711---B504.Pradseq_23_006_detailed.log,1101568,NS.LH00487_0017.001
TGCCAT,S_23_01799,7065430,34909,931566,6098955,86.3%,0.7%,NS.LH00487_0017.001.B711---B504.Pradseq_23_006_detailed.log,966475,NS.LH00487_0017.001
TATGACGCAT,S_23_01803_rep,9724022,30923,1139488,8553611,88.0%,1.0%,NS.LH00487_0017.001.B711---B504.Pradseq_23_006_detailed.log,1170411,NS.LH00487_0017.001
CATTGTG,S_23_01808,13345990,45581,1415289,11885120,89.1%,1.4%,NS.LH00487_0017.001.B711---B504.Pradseq_23_006_detailed.log,1460870,NS.LH00487_0017.001
ATCACCAG,S_23_01817,7211596,16167,763994,6431435,89.2%,0.7%,NS.LH00487_0017.001.B711---B504.Pradseq_23_006_detailed.log,780161,NS.LH00487_0017.001
GGACTATAG,S_23_01823,11883008,26551,1167877,10688580,89.9%,1.2%,NS.LH00487_0017.001.B711---B504.Pradseq_23_006_detailed.log,1194428,NS.LH00487_0017.001
TTAGTCTCG,S_23_01828,7084842,43510,975771,6065561,85.6%,0.7%,NS.LH00487_0017.001.B711---B504.Pradseq_23_006_detailed.log,1019281,NS.LH00487_0017.001
CTGGCAAGCT,S_23_01846,6799532,13978,695084,6090470,89.6%,0.7%,NS.LH00487_0017.001.B711---B504.Pradseq_23_006_detailed.log,709062,NS.LH00487_0017.001
CGATTCCT,S_23_01857,15382552,28679,1559731,13794142,89.7%,1.6%,NS.LH00487_0017.001.B711---B504.Pradseq_23_006_detailed.log,1588410,NS.LH00487_0017.001
GCCGATAAT,S_23_01860,7157568,15956,742594,6399018,89.4%,0.7%,NS.LH00487_0017.001.B711---B504.Pradseq_23_006_detailed.log,758550,NS.LH00487_0017.001
CTCAAGAGAT,S_23_01862,3452,20,672,2760,80.0%,0.0%,NS.LH00487_0017.001.B711---B504.Pradseq_23_006_detailed.log,692,NS.LH00487_0017.001
CCAGGTAAT,S_23_01866,352250,2451,40521,309278,87.8%,0.0%,NS.LH00487_0017.001.B711---B504.Pradseq_23_006_detailed.log,42972,NS.LH00487_0017.001
CACAGCACTG,S_23_01874,11321182,49705,1414564,9856913,87.1%,1.1%,NS.LH00487_0017.001.B711---B504.Pradseq_23_006_detailed.log,1464269,NS.LH00487_0017.001
GAGATAG,S_23_01875,12851032,24256,1203224,11623552,90.4%,1.4%,NS.LH00487_0017.001.B711---B504.Pradseq_23_006_detailed.log,1227480,NS.LH00487_0017.001
GGAATG,S_23_01876,5891472,60355,646825,5184292,88.0%,0.6%,NS.LH00487_0017.001.B711---B504.Pradseq_23_006_detailed.log,707180,NS.LH00487_0017.001
ACTTGAG,S_23_01898,6284936,55528,921583,5307825,84.5%,0.6%,NS.LH00487_0017.001.B711---B504.Pradseq_23_006_detailed.log,977111,NS.LH00487_0017.001
TAGTCAGG,S_23_01910,15597162,45853,2271294,13280015,85.1%,1.5%,NS.LH00487_0017.001.B711---B504.Pradseq_23_006_detailed.log,2317147,NS.LH00487_0017.001
AGTGCGGAAT,S_23_01913,10284802,21030,1040452,9223320,89.7%,1.1%,NS.LH00487_0017.001.B711---B504.Pradseq_23_006_detailed.log,1061482,NS.LH00487_0017.001
AGTACGTGAT,S_23_01917,8175648,21995,842859,7310794,89.4%,0.9%,NS.LH00487_0017.001.B711---B504.Pradseq_23_006_detailed.log,864854,NS.LH00487_0017.001
TACGTCT,S_23_01919,74480,8755,7998,57727,77.5%,0.0%,NS.LH00487_0017.001.B711---B504.Pradseq_23_006_detailed.log,16753,NS.LH00487_0017.001
TTACCTG,S_23_02011,10865338,40311,1165264,9659763,88.9%,1.1%,NS.LH00487_0017.001.B711---B504.Pradseq_23_006_detailed.log,1205575,NS.LH00487_0017.001
AACATAGCG,S_23_02026,11494118,59074,1341550,10093494,87.8%,1.2%,NS.LH00487_0017.001.B711---B504.Pradseq_23_006_detailed.log,1400624,NS.LH00487_0017.001
TGAGGT,S_23_02028,14052186,56097,1645446,12350643,87.9%,1.4%,NS.LH00487_0017.001.B711---B504.Pradseq_23_006_detailed.log,1701543,NS.LH00487_0017.001
GATCAG,S_23_02032,12289474,61966,1360236,10867272,88.4%,1.3%,NS.LH00487_0017.001.B711---B504.Pradseq_23_006_detailed.log,1422202,NS.LH00487_0017.001
GCTGATT,S_23_02035,6471840,25963,833944,5611933,86.7%,0.7%,NS.LH00487_0017.001.B711---B504.Pradseq_23_006_detailed.log,859907,NS.LH00487_0017.001
ACATCG,S_23_02037,9547030,62277,1259608,8225145,86.2%,1.0%,NS.LH00487_0017.001.B711---B504.Pradseq_23_006_detailed.log,1321885,NS.LH00487_0017.001
CAAGTCCAT,S_23_02051,1058880,7174,130547,921159,87.0%,0.1%,NS.LH00487_0017.001.B711---B504.Pradseq_23_006_detailed.log,137721,NS.LH00487_0017.001
GTTCTCT,S_23_02053,2547506,11613,231177,2304716,90.5%,0.3%,NS.LH00487_0017.001.B711---B504.Pradseq_23_006_detailed.log,242790,NS.LH00487_0017.001
TAGCTGT,S_23_02055,108402,9213,13485,85704,79.1%,0.0%,NS.LH00487_0017.001.B711---B504.Pradseq_23_006_detailed.log,22698,NS.LH00487_0017.001
AGCCATTG,S_23_02061,616224,9227,68140,538857,87.4%,0.1%,NS.LH00487_0017.001.B711---B504.Pradseq_23_006_detailed.log,77367,NS.LH00487_0017.001
GTCATGTGCG,S_23_02063,3284,308,626,2350,71.6%,0.0%,NS.LH00487_0017.001.B711---B504.Pradseq_23_006_detailed.log,934,NS.LH00487_0017.001
GCTTAT,S_23_02078,106130,2847,10911,92372,87.0%,0.0%,NS.LH00487_0017.001.B711---B504.Pradseq_23_006_detailed.log,13758,NS.LH00487_0017.001
ATAGGACCT,S_23_02079,3863004,28134,485785,3349085,86.7%,0.4%,NS.LH00487_0017.001.B711---B504.Pradseq_23_006_detailed.log,513919,NS.LH00487_0017.001
TAACGG,S_23_02081,9836340,86371,1288371,8461598,86.0%,1.0%,NS.LH00487_0017.001.B711---B504.Pradseq_23_006_detailed.log,1374742,NS.LH00487_0017.001
GGCAGATTG,S_23_02099,5938992,66770,989137,4883085,82.2%,0.6%,NS.LH00487_0017.001.B711---B504.Pradseq_23_006_detailed.log,1055907,NS.LH00487_0017.001
ATACATCAGG,S_23_02100,8532838,95699,1340090,7097049,83.2%,0.8%,NS.LH00487_0017.001.B711---B504.Pradseq_23_006_detailed.log,1435789,NS.LH00487_0017.001
CGCCTTATG,S_23_02103,3978858,38749,599520,3340589,84.0%,0.4%,NS.LH00487_0017.001.B711---B504.Pradseq_23_006_detailed.log,638269,NS.LH00487_0017.001
GATCCT,S_23_02105,20117930,68636,2331657,17717637,88.1%,2.1%,NS.LH00487_0017.001.B711---B504.Pradseq_23_006_detailed.log,2400293,NS.LH00487_0017.001
CTCGACT,S_23_02119,18669106,55567,2154791,16458748,88.2%,1.9%,NS.LH00487_0017.001.B711---B504.Pradseq_23_006_detailed.log,2210358,NS.LH00487_0017.001
GATGTG,S_23_02123,17929134,19930,1639445,16269759,90.7%,1.9%,NS.LH00487_0017.001.B711---B504.Pradseq_23_006_detailed.log,1659375,NS.LH00487_0017.001
CTCCGAACT,S_23_02125,7903892,43670,959579,6900643,87.3%,0.8%,NS.LH00487_0017.001.B711---B504.Pradseq_23_006_detailed.log,1003249,NS.LH00487_0017.001
CTGTCCACAG,S_23_02126,9717500,92928,1545665,8078907,83.1%,0.9%,NS.LH00487_0017.001.B711---B504.Pradseq_23_006_detailed.log,1638593,NS.LH00487_0017.001
TACAACTTGG,S_23_02142,4937484,18410,432375,4486699,90.9%,0.5%,NS.LH00487_0017.001.B711---B504.Pradseq_23_006_detailed.log,450785,NS.LH00487_0017.001
ACAAGG,S_23_02159,18145256,60720,1879966,16204570,89.3%,1.9%,NS.LH00487_0017.001.B711---B504.Pradseq_23_006_detailed.log,1940686,NS.LH00487_0017.001
ATCTCCGCAT,S_23_02166,12452154,61410,1626536,10764208,86.4%,1.3%,NS.LH00487_0017.001.B711---B504.Pradseq_23_006_detailed.log,1687946,NS.LH00487_0017.001
CATATG,S_23_02169,12880252,50952,1542966,11286334,87.6%,1.3%,NS.LH00487_0017.001.B711---B504.Pradseq_23_006_detailed.log,1593918,NS.LH00487_0017.001
TTAGCCGT,S_23_02171,5404778,15485,627295,4761998,88.1%,0.6%,NS.LH00487_0017.001.B711---B504.Pradseq_23_006_detailed.log,642780,NS.LH00487_0017.001
AGTCACGTAT,S_23_02181,11843116,38219,1392000,10412897,87.9%,1.2%,NS.LH00487_0017.001.B711---B504.Pradseq_23_006_detailed.log,1430219,NS.LH00487_0017.001
CTGGCAT,S_23_02193,6353454,55802,831556,5466096,86.0%,0.6%,NS.LH00487_0017.001.B711---B504.Pradseq_23_006_detailed.log,887358,NS.LH00487_0017.001
TCAAGCT,S_23_02195,5234308,37472,735912,4460924,85.2%,0.5%,NS.LH00487_0017.001.B711---B504.Pradseq_23_006_detailed.log,773384,NS.LH00487_0017.001
CGCAATATG,S_23_02204,5874554,46206,862538,4965810,84.5%,0.6%,NS.LH00487_0017.001.B711---B504.Pradseq_23_006_detailed.log,908744,NS.LH00487_0017.001
TTGGTAG,S_23_02207,3938816,30416,481085,3427315,87.0%,0.4%,NS.LH00487_0017.001.B711---B504.Pradseq_23_006_detailed.log,511501,NS.LH00487_0017.001
GCATAGCAAT,S_23_02210,10451008,65106,1385195,9000707,86.1%,1.0%,NS.LH00487_0017.001.B711---B504.Pradseq_23_006_detailed.log,1450301,NS.LH00487_0017.001
CTTACTG,S_23_02211,9624646,40705,984640,8599301,89.3%,1.0%,NS.LH00487_0017.001.B711---B504.Pradseq_23_006_detailed.log,1025345,NS.LH00487_0017.001
CGAAGAAGAT,S_23_02237,12288070,42133,1502153,10743784,87.4%,1.3%,NS.LH00487_0017.001.B711---B504.Pradseq_23_006_detailed.log,1544286,NS.LH00487_0017.001
TTATGCGTAG,S_23_02252,12014608,18462,880033,11116113,92.5%,1.3%,NS.LH00487_0017.001.B711---B504.Pradseq_23_006_detailed.log,898495,NS.LH00487_0017.001
GAGTCT,S_23_02256,15680704,31471,1574793,14074440,89.8%,1.6%,NS.LH00487_0017.001.B711---B504.Pradseq_23_006_detailed.log,1606264,NS.LH00487_0017.001
CCTCTTAG,S_23_02262,10085118,35525,1111142,8938451,88.6%,1.0%,NS.LH00487_0017.001.B711---B504.Pradseq_23_006_detailed.log,1146667,NS.LH00487_0017.001
